[{"model": "admin.logentry", "pk": 1, "fields": {"action_time": "2026-03-24T13:36:59.996Z", "user": 2, "content_type": 4, "object_id": "3", "object_repr": "ShivanshPhadtare", "action_flag": 1, "change_message": "[{\"added\": {}}]"}}, {"model": "admin.logentry", "pk": 2, "fields": {"action_time": "2026-03-24T13:37:28.325Z", "user": 2, "content_type": 4, "object_id": "3", "object_repr": "ShivanshPhadtare", "action_flag": 2, "change_message": "[{\"changed\": {\"fields\": [\"First name\", \"Last name\", \"Email address\"]}}]"}}, {"model": "admin.logentry", "pk": 3, "fields": {"action_time": "2026-03-27T03:56:54.463Z", "user": 2, "content_type": 8, "object_id": "1", "object_repr": "Assessment 58bdeedb-4bd3-4865-a74a-4d893596699a - Investigative (2026-03-24)", "action_flag": 3, "change_message": ""}}, {"model": "admin.logentry", "pk": 4, "fields": {"action_time": "2026-04-10T02:07:21.809Z", "user": 2, "content_type": 8, "object_id": "9", "object_repr": "Assessment 45067822-569a-4418-b14f-5c0ee06c40d8 - Investigative (2026-04-10)", "action_flag": 3, "change_message": ""}}, {"model": "admin.logentry", "pk": 5, "fields": {"action_time": "2026-04-10T02:07:21.813Z", "user": 2, "content_type": 8, "object_id": "8", "object_repr": "Assessment c61f3b05-9dda-4b13-94b1-feacea38da0a - Investigative (2026-04-07)", "action_flag": 3, "change_message": ""}}, {"model": "admin.logentry", "pk": 6, "fields": {"action_time": "2026-04-10T02:07:21.817Z", "user": 2, "content_type": 8, "object_id": "7", "object_repr": "Assessment 27ba5e26-3ddd-4849-b219-3d72ebb641a9 - Conventional (2026-04-07)", "action_flag": 3, "change_message": ""}}, {"model": "admin.logentry", "pk": 7, "fields": {"action_time": "2026-04-10T02:07:21.819Z", "user": 2, "content_type": 8, "object_id": "6", "object_repr": "Assessment bed79fb6-81d6-4ccb-b7c5-ae6177cf1f5e - Conventional (2026-03-24)", "action_flag": 3, "change_message": ""}}, {"model": "admin.logentry", "pk": 8, "fields": {"action_time": "2026-04-10T02:07:21.820Z", "user": 2, "content_type": 8, "object_id": "5", "object_repr": "Assessment b72612df-1edc-4445-9c81-8370bc4d315d - Conventional (2026-03-24)", "action_flag": 3, "change_message": ""}}, {"model": "admin.logentry", "pk": 9, "fields": {"action_time": "2026-04-10T02:07:21.824Z", "user": 2, "content_type": 8, "object_id": "4", "object_repr": "Assessment cff83b23-03e8-4649-bf71-d5cc4f3770d5 - Investigative (2026-03-24)", "action_flag": 3, "change_message": ""}}, {"model": "admin.logentry", "pk": 10, "fields": {"action_time": "2026-04-10T02:07:21.825Z", "user": 2, "content_type": 8, "object_id": "3", "object_repr": "Assessment 3e741ac3-b27f-465c-9e1a-2e146a428ff9 - Conventional (2026-03-24)", "action_flag": 3, "change_message": ""}}, {"model": "admin.logentry", "pk": 11, "fields": {"action_time": "2026-04-10T02:07:21.827Z", "user": 2, "content_type": 8, "object_id": "2", "object_repr": "Assessment 0c36cffe-ecdf-4410-abf4-e14180e4b917 - Artistic (2026-03-24)", "action_flag": 3, "change_message": ""}}, {"model": "admin.logentry", "pk": 12, "fields": {"action_time": "2026-04-10T05:09:48.817Z", "user": 2, "content_type": 4, "object_id": "5", "object_repr": "testuser_149a9f", "action_flag": 3, "change_message": ""}}, {"model": "admin.logentry", "pk": 13, "fields": {"action_time": "2026-04-10T05:09:48.820Z", "user": 2, "content_type": 4, "object_id": "4", "object_repr": "testuser_2", "action_flag": 3, "change_message": ""}}, {"model": "admin.logentry", "pk": 14, "fields": {"action_time": "2026-04-10T14:23:15.516Z", "user": 2, "content_type": 8, "object_id": "13", "object_repr": "Assessment 8d0ab336-ea23-4d57-ac51-d39344ae871d - Conventional (2026-04-10)", "action_flag": 3, "change_message": ""}}, {"model": "admin.logentry", "pk": 15, "fields": {"action_time": "2026-04-10T17:27:59.632Z", "user": 2, "content_type": 4, "object_id": "7", "object_repr": "Bhoomi ", "action_flag": 3, "change_message": ""}}, {"model": "admin.logentry", "pk": 16, "fields": {"action_time": "2026-04-10T20:03:07.809Z", "user": 2, "content_type": 13, "object_id": "1", "object_repr": "gho", "action_flag": 3, "change_message": ""}}, {"model": "admin.logentry", "pk": 17, "fields": {"action_time": "2026-04-10T20:08:24.737Z", "user": 2, "content_type": 8, "object_id": "18", "object_repr": "Assessment 622532cf-47dd-455f-b4c4-d2c8665e0bb7 - Conventional (2026-04-10)", "action_flag": 3, "change_message": ""}}, {"model": "admin.logentry", "pk": 18, "fields": {"action_time": "2026-04-10T20:08:24.740Z", "user": 2, "content_type": 8, "object_id": "15", "object_repr": "Assessment f0e8caef-46e9-48c4-9904-0e73db316980 - Conventional (2026-04-10)", "action_flag": 3, "change_message": ""}}, {"model": "admin.logentry", "pk": 19, "fields": {"action_time": "2026-04-11T04:42:15.620Z", "user": 2, "content_type": 8, "object_id": "21", "object_repr": "Assessment 03e6c66d-fe3d-4426-94ca-04b84b39e33a - Conventional (2026-04-11)", "action_flag": 3, "change_message": ""}}, {"model": "admin.logentry", "pk": 20, "fields": {"action_time": "2026-04-11T04:42:15.623Z", "user": 2, "content_type": 8, "object_id": "20", "object_repr": "Assessment e9df0e54-1136-4d95-8bc4-71567cb55523 - Conventional (2026-04-11)", "action_flag": 3, "change_message": ""}}, {"model": "auth.permission", "pk": 1, "fields": {"name": "Can add log entry", "content_type": 1, "codename": "add_logentry"}}, {"model": "auth.permission", "pk": 2, "fields": {"name": "Can change log entry", "content_type": 1, "codename": "change_logentry"}}, {"model": "auth.permission", "pk": 3, "fields": {"name": "Can delete log entry", "content_type": 1, "codename": "delete_logentry"}}, {"model": "auth.permission", "pk": 4, "fields": {"name": "Can view log entry", "content_type": 1, "codename": "view_logentry"}}, {"model": "auth.permission", "pk": 5, "fields": {"name": "Can add permission", "content_type": 2, "codename": "add_permission"}}, {"model": "auth.permission", "pk": 6, "fields": {"name": "Can change permission", "content_type": 2, "codename": "change_permission"}}, {"model": "auth.permission", "pk": 7, "fields": {"name": "Can delete permission", "content_type": 2, "codename": "delete_permission"}}, {"model": "auth.permission", "pk": 8, "fields": {"name": "Can view permission", "content_type": 2, "codename": "view_permission"}}, {"model": "auth.permission", "pk": 9, "fields": {"name": "Can add group", "content_type": 3, "codename": "add_group"}}, {"model": "auth.permission", "pk": 10, "fields": {"name": "Can change group", "content_type": 3, "codename": "change_group"}}, {"model": "auth.permission", "pk": 11, "fields": {"name": "Can delete group", "content_type": 3, "codename": "delete_group"}}, {"model": "auth.permission", "pk": 12, "fields": {"name": "Can view group", "content_type": 3, "codename": "view_group"}}, {"model": "auth.permission", "pk": 13, "fields": {"name": "Can add user", "content_type": 4, "codename": "add_user"}}, {"model": "auth.permission", "pk": 14, "fields": {"name": "Can change user", "content_type": 4, "codename": "change_user"}}, {"model": "auth.permission", "pk": 15, "fields": {"name": "Can delete user", "content_type": 4, "codename": "delete_user"}}, {"model": "auth.permission", "pk": 16, "fields": {"name": "Can view user", "content_type": 4, "codename": "view_user"}}, {"model": "auth.permission", "pk": 17, "fields": {"name": "Can add content type", "content_type": 5, "codename": "add_contenttype"}}, {"model": "auth.permission", "pk": 18, "fields": {"name": "Can change content type", "content_type": 5, "codename": "change_contenttype"}}, {"model": "auth.permission", "pk": 19, "fields": {"name": "Can delete content type", "content_type": 5, "codename": "delete_contenttype"}}, {"model": "auth.permission", "pk": 20, "fields": {"name": "Can view content type", "content_type": 5, "codename": "view_contenttype"}}, {"model": "auth.permission", "pk": 21, "fields": {"name": "Can add session", "content_type": 6, "codename": "add_session"}}, {"model": "auth.permission", "pk": 22, "fields": {"name": "Can change session", "content_type": 6, "codename": "change_session"}}, {"model": "auth.permission", "pk": 23, "fields": {"name": "Can delete session", "content_type": 6, "codename": "delete_session"}}, {"model": "auth.permission", "pk": 24, "fields": {"name": "Can view session", "content_type": 6, "codename": "view_session"}}, {"model": "auth.permission", "pk": 25, "fields": {"name": "Can add analytics event", "content_type": 7, "codename": "add_analyticsevent"}}, {"model": "auth.permission", "pk": 26, "fields": {"name": "Can change analytics event", "content_type": 7, "codename": "change_analyticsevent"}}, {"model": "auth.permission", "pk": 27, "fields": {"name": "Can delete analytics event", "content_type": 7, "codename": "delete_analyticsevent"}}, {"model": "auth.permission", "pk": 28, "fields": {"name": "Can view analytics event", "content_type": 7, "codename": "view_analyticsevent"}}, {"model": "auth.permission", "pk": 29, "fields": {"name": "Can add assessment", "content_type": 8, "codename": "add_assessment"}}, {"model": "auth.permission", "pk": 30, "fields": {"name": "Can change assessment", "content_type": 8, "codename": "change_assessment"}}, {"model": "auth.permission", "pk": 31, "fields": {"name": "Can delete assessment", "content_type": 8, "codename": "delete_assessment"}}, {"model": "auth.permission", "pk": 32, "fields": {"name": "Can view assessment", "content_type": 8, "codename": "view_assessment"}}, {"model": "auth.permission", "pk": 33, "fields": {"name": "Can add career", "content_type": 9, "codename": "add_career"}}, {"model": "auth.permission", "pk": 34, "fields": {"name": "Can change career", "content_type": 9, "codename": "change_career"}}, {"model": "auth.permission", "pk": 35, "fields": {"name": "Can delete career", "content_type": 9, "codename": "delete_career"}}, {"model": "auth.permission", "pk": 36, "fields": {"name": "Can view career", "content_type": 9, "codename": "view_career"}}, {"model": "auth.permission", "pk": 37, "fields": {"name": "Can add career bookmark", "content_type": 10, "codename": "add_careerbookmark"}}, {"model": "auth.permission", "pk": 38, "fields": {"name": "Can change career bookmark", "content_type": 10, "codename": "change_careerbookmark"}}, {"model": "auth.permission", "pk": 39, "fields": {"name": "Can delete career bookmark", "content_type": 10, "codename": "delete_careerbookmark"}}, {"model": "auth.permission", "pk": 40, "fields": {"name": "Can view career bookmark", "content_type": 10, "codename": "view_careerbookmark"}}, {"model": "auth.permission", "pk": 41, "fields": {"name": "Can add career roadmap", "content_type": 11, "codename": "add_careerroadmap"}}, {"model": "auth.permission", "pk": 42, "fields": {"name": "Can change career roadmap", "content_type": 11, "codename": "change_careerroadmap"}}, {"model": "auth.permission", "pk": 43, "fields": {"name": "Can delete career roadmap", "content_type": 11, "codename": "delete_careerroadmap"}}, {"model": "auth.permission", "pk": 44, "fields": {"name": "Can view career roadmap", "content_type": 11, "codename": "view_careerroadmap"}}, {"model": "auth.permission", "pk": 45, "fields": {"name": "Can add forum category", "content_type": 12, "codename": "add_forumcategory"}}, {"model": "auth.permission", "pk": 46, "fields": {"name": "Can change forum category", "content_type": 12, "codename": "change_forumcategory"}}, {"model": "auth.permission", "pk": 47, "fields": {"name": "Can delete forum category", "content_type": 12, "codename": "delete_forumcategory"}}, {"model": "auth.permission", "pk": 48, "fields": {"name": "Can view forum category", "content_type": 12, "codename": "view_forumcategory"}}, {"model": "auth.permission", "pk": 49, "fields": {"name": "Can add forum post", "content_type": 13, "codename": "add_forumpost"}}, {"model": "auth.permission", "pk": 50, "fields": {"name": "Can change forum post", "content_type": 13, "codename": "change_forumpost"}}, {"model": "auth.permission", "pk": 51, "fields": {"name": "Can delete forum post", "content_type": 13, "codename": "delete_forumpost"}}, {"model": "auth.permission", "pk": 52, "fields": {"name": "Can view forum post", "content_type": 13, "codename": "view_forumpost"}}, {"model": "auth.permission", "pk": 53, "fields": {"name": "Can add forum reply", "content_type": 14, "codename": "add_forumreply"}}, {"model": "auth.permission", "pk": 54, "fields": {"name": "Can change forum reply", "content_type": 14, "codename": "change_forumreply"}}, {"model": "auth.permission", "pk": 55, "fields": {"name": "Can delete forum reply", "content_type": 14, "codename": "delete_forumreply"}}, {"model": "auth.permission", "pk": 56, "fields": {"name": "Can view forum reply", "content_type": 14, "codename": "view_forumreply"}}, {"model": "auth.permission", "pk": 57, "fields": {"name": "Can add job listing", "content_type": 15, "codename": "add_joblisting"}}, {"model": "auth.permission", "pk": 58, "fields": {"name": "Can change job listing", "content_type": 15, "codename": "change_joblisting"}}, {"model": "auth.permission", "pk": 59, "fields": {"name": "Can delete job listing", "content_type": 15, "codename": "delete_joblisting"}}, {"model": "auth.permission", "pk": 60, "fields": {"name": "Can view job listing", "content_type": 15, "codename": "view_joblisting"}}, {"model": "auth.permission", "pk": 61, "fields": {"name": "Can add login attempt", "content_type": 16, "codename": "add_loginattempt"}}, {"model": "auth.permission", "pk": 62, "fields": {"name": "Can change login attempt", "content_type": 16, "codename": "change_loginattempt"}}, {"model": "auth.permission", "pk": 63, "fields": {"name": "Can delete login attempt", "content_type": 16, "codename": "delete_loginattempt"}}, {"model": "auth.permission", "pk": 64, "fields": {"name": "Can view login attempt", "content_type": 16, "codename": "view_loginattempt"}}, {"model": "auth.permission", "pk": 65, "fields": {"name": "Can add mentor", "content_type": 17, "codename": "add_mentor"}}, {"model": "auth.permission", "pk": 66, "fields": {"name": "Can change mentor", "content_type": 17, "codename": "change_mentor"}}, {"model": "auth.permission", "pk": 67, "fields": {"name": "Can delete mentor", "content_type": 17, "codename": "delete_mentor"}}, {"model": "auth.permission", "pk": 68, "fields": {"name": "Can view mentor", "content_type": 17, "codename": "view_mentor"}}, {"model": "auth.permission", "pk": 69, "fields": {"name": "Can add skill", "content_type": 18, "codename": "add_skill"}}, {"model": "auth.permission", "pk": 70, "fields": {"name": "Can change skill", "content_type": 18, "codename": "change_skill"}}, {"model": "auth.permission", "pk": 71, "fields": {"name": "Can delete skill", "content_type": 18, "codename": "delete_skill"}}, {"model": "auth.permission", "pk": 72, "fields": {"name": "Can view skill", "content_type": 18, "codename": "view_skill"}}, {"model": "auth.permission", "pk": 73, "fields": {"name": "Can add user success story", "content_type": 19, "codename": "add_usersuccessstory"}}, {"model": "auth.permission", "pk": 74, "fields": {"name": "Can change user success story", "content_type": 19, "codename": "change_usersuccessstory"}}, {"model": "auth.permission", "pk": 75, "fields": {"name": "Can delete user success story", "content_type": 19, "codename": "delete_usersuccessstory"}}, {"model": "auth.permission", "pk": 76, "fields": {"name": "Can view user success story", "content_type": 19, "codename": "view_usersuccessstory"}}, {"model": "auth.permission", "pk": 77, "fields": {"name": "Can add user skill", "content_type": 20, "codename": "add_userskill"}}, {"model": "auth.permission", "pk": 78, "fields": {"name": "Can change user skill", "content_type": 20, "codename": "change_userskill"}}, {"model": "auth.permission", "pk": 79, "fields": {"name": "Can delete user skill", "content_type": 20, "codename": "delete_userskill"}}, {"model": "auth.permission", "pk": 80, "fields": {"name": "Can view user skill", "content_type": 20, "codename": "view_userskill"}}, {"model": "auth.permission", "pk": 81, "fields": {"name": "Can add user profile", "content_type": 21, "codename": "add_userprofile"}}, {"model": "auth.permission", "pk": 82, "fields": {"name": "Can change user profile", "content_type": 21, "codename": "change_userprofile"}}, {"model": "auth.permission", "pk": 83, "fields": {"name": "Can delete user profile", "content_type": 21, "codename": "delete_userprofile"}}, {"model": "auth.permission", "pk": 84, "fields": {"name": "Can view user profile", "content_type": 21, "codename": "view_userprofile"}}, {"model": "auth.permission", "pk": 85, "fields": {"name": "Can add mentor request", "content_type": 22, "codename": "add_mentorrequest"}}, {"model": "auth.permission", "pk": 86, "fields": {"name": "Can change mentor request", "content_type": 22, "codename": "change_mentorrequest"}}, {"model": "auth.permission", "pk": 87, "fields": {"name": "Can delete mentor request", "content_type": 22, "codename": "delete_mentorrequest"}}, {"model": "auth.permission", "pk": 88, "fields": {"name": "Can view mentor request", "content_type": 22, "codename": "view_mentorrequest"}}, {"model": "auth.permission", "pk": 89, "fields": {"name": "Can add learning progress", "content_type": 23, "codename": "add_learningprogress"}}, {"model": "auth.permission", "pk": 90, "fields": {"name": "Can change learning progress", "content_type": 23, "codename": "change_learningprogress"}}, {"model": "auth.permission", "pk": 91, "fields": {"name": "Can delete learning progress", "content_type": 23, "codename": "delete_learningprogress"}}, {"model": "auth.permission", "pk": 92, "fields": {"name": "Can view learning progress", "content_type": 23, "codename": "view_learningprogress"}}, {"model": "auth.permission", "pk": 93, "fields": {"name": "Can add user career goal", "content_type": 24, "codename": "add_usercareergoal"}}, {"model": "auth.permission", "pk": 94, "fields": {"name": "Can change user career goal", "content_type": 24, "codename": "change_usercareergoal"}}, {"model": "auth.permission", "pk": 95, "fields": {"name": "Can delete user career goal", "content_type": 24, "codename": "delete_usercareergoal"}}, {"model": "auth.permission", "pk": 96, "fields": {"name": "Can view user career goal", "content_type": 24, "codename": "view_usercareergoal"}}, {"model": "auth.permission", "pk": 97, "fields": {"name": "Can add career pivot analysis", "content_type": 25, "codename": "add_careerpivotanalysis"}}, {"model": "auth.permission", "pk": 98, "fields": {"name": "Can change career pivot analysis", "content_type": 25, "codename": "change_careerpivotanalysis"}}, {"model": "auth.permission", "pk": 99, "fields": {"name": "Can delete career pivot analysis", "content_type": 25, "codename": "delete_careerpivotanalysis"}}, {"model": "auth.permission", "pk": 100, "fields": {"name": "Can view career pivot analysis", "content_type": 25, "codename": "view_careerpivotanalysis"}}, {"model": "auth.permission", "pk": 101, "fields": {"name": "Can add learning goal", "content_type": 26, "codename": "add_learninggoal"}}, {"model": "auth.permission", "pk": 102, "fields": {"name": "Can change learning goal", "content_type": 26, "codename": "change_learninggoal"}}, {"model": "auth.permission", "pk": 103, "fields": {"name": "Can delete learning goal", "content_type": 26, "codename": "delete_learninggoal"}}, {"model": "auth.permission", "pk": 104, "fields": {"name": "Can view learning goal", "content_type": 26, "codename": "view_learninggoal"}}, {"model": "auth.user", "pk": 2, "fields": {"password": "pbkdf2_sha256$600000$X1MfF1UFbHSQOlgln0zPhw$4ip9P15fQJa1T1p8VDA1QrW/TTfZrOiaN4xUXtKMXBA=", "last_login": "2026-04-11T08:06:18.232Z", "is_superuser": true, "username": "Shivansh", "first_name": "", "last_name": "", "email": "phadtareshivansh@gmail.com", "is_staff": true, "is_active": true, "date_joined": "2026-03-24T13:28:20.923Z", "groups": [], "user_permissions": []}}, {"model": "auth.user", "pk": 3, "fields": {"password": "pbkdf2_sha256$600000$O6zpBbF5MujG2CXyxDZAti$ThSzMCMSFsG8lPuQzv9bvb79LKUZzDSk8scnQQYuqp8=", "last_login": "2026-04-10T20:03:27.448Z", "is_superuser": false, "username": "ShivanshPhadtare", "first_name": "Shivansh", "last_name": "Phadtare", "email": "shivansh.phadtare24@pcu.edu.in", "is_staff": false, "is_active": true, "date_joined": "2026-03-24T13:36:59Z", "groups": [], "user_permissions": []}}, {"model": "auth.user", "pk": 6, "fields": {"password": "pbkdf2_sha256$600000$FIXsFw5yUINPL1VAtYLcyD$1hEW67eEBQtt5aowr/RbJPg8tQKr2W4nPrxnuW9L3o0=", "last_login": "2026-04-11T04:43:34.809Z", "is_superuser": false, "username": "OmDeshmukh", "first_name": "", "last_name": "", "email": "om.deshmukh24@pcu.edu.in", "is_staff": false, "is_active": true, "date_joined": "2026-04-10T05:10:39.193Z", "groups": [], "user_permissions": []}}, {"model": "auth.user", "pk": 8, "fields": {"password": "pbkdf2_sha256$600000$oazlxX6a6eEZDR4T3YtyIm$WcqFWKT1cLF7inN+nJfPmii9tVyVP0tL7aZgNf9NVkI=", "last_login": "2026-04-11T04:43:08.513Z", "is_superuser": false, "username": "Bhoomi", "first_name": "", "last_name": "", "email": "codeless112@gmail.com", "is_staff": false, "is_active": true, "date_joined": "2026-04-10T17:28:24.488Z", "groups": [], "user_permissions": []}}, {"model": "auth.user", "pk": 9, "fields": {"password": "pbkdf2_sha256$600000$IkcZNvU6DnKHntCVDJN8hE$2HsEJk9u0SCu0ur+C7o4faX5Bc7Off5mM/ESorxCpuc=", "last_login": "2026-04-11T04:44:28.177Z", "is_superuser": false, "username": "MayurShinde", "first_name": "", "last_name": "", "email": "mayur.shinde24@pcu.edu.in", "is_staff": false, "is_active": true, "date_joined": "2026-04-11T04:44:27.497Z", "groups": [], "user_permissions": []}}, {"model": "auth.user", "pk": 10, "fields": {"password": "pbkdf2_sha256$600000$WgozuyNrZOaOXdZpD9wj8N$M6HNppKTgOMgrSheQpY/7zBeNENTnNT8htPUaNeOEpQ=", "last_login": "2026-04-11T05:34:35.130Z", "is_superuser": false, "username": "sameer", "first_name": "", "last_name": "", "email": "sameerthakar.24@pcu.edu.in", "is_staff": false, "is_active": true, "date_joined": "2026-04-11T05:34:34.487Z", "groups": [], "user_permissions": []}}, {"model": "contenttypes.contenttype", "pk": 1, "fields": {"app_label": "admin", "model": "logentry"}}, {"model": "contenttypes.contenttype", "pk": 2, "fields": {"app_label": "auth", "model": "permission"}}, {"model": "contenttypes.contenttype", "pk": 3, "fields": {"app_label": "auth", "model": "group"}}, {"model": "contenttypes.contenttype", "pk": 4, "fields": {"app_label": "auth", "model": "user"}}, {"model": "contenttypes.contenttype", "pk": 5, "fields": {"app_label": "contenttypes", "model": "contenttype"}}, {"model": "contenttypes.contenttype", "pk": 6, "fields": {"app_label": "sessions", "model": "session"}}, {"model": "contenttypes.contenttype", "pk": 7, "fields": {"app_label": "quiz", "model": "analyticsevent"}}, {"model": "contenttypes.contenttype", "pk": 8, "fields": {"app_label": "quiz", "model": "assessment"}}, {"model": "contenttypes.contenttype", "pk": 9, "fields": {"app_label": "quiz", "model": "career"}}, {"model": "contenttypes.contenttype", "pk": 10, "fields": {"app_label": "quiz", "model": "careerbookmark"}}, {"model": "contenttypes.contenttype", "pk": 11, "fields": {"app_label": "quiz", "model": "careerroadmap"}}, {"model": "contenttypes.contenttype", "pk": 12, "fields": {"app_label": "quiz", "model": "forumcategory"}}, {"model": "contenttypes.contenttype", "pk": 13, "fields": {"app_label": "quiz", "model": "forumpost"}}, {"model": "contenttypes.contenttype", "pk": 14, "fields": {"app_label": "quiz", "model": "forumreply"}}, {"model": "contenttypes.contenttype", "pk": 15, "fields": {"app_label": "quiz", "model": "joblisting"}}, {"model": "contenttypes.contenttype", "pk": 16, "fields": {"app_label": "quiz", "model": "loginattempt"}}, {"model": "contenttypes.contenttype", "pk": 17, "fields": {"app_label": "quiz", "model": "mentor"}}, {"model": "contenttypes.contenttype", "pk": 18, "fields": {"app_label": "quiz", "model": "skill"}}, {"model": "contenttypes.contenttype", "pk": 19, "fields": {"app_label": "quiz", "model": "usersuccessstory"}}, {"model": "contenttypes.contenttype", "pk": 20, "fields": {"app_label": "quiz", "model": "userskill"}}, {"model": "contenttypes.contenttype", "pk": 21, "fields": {"app_label": "quiz", "model": "userprofile"}}, {"model": "contenttypes.contenttype", "pk": 22, "fields": {"app_label": "quiz", "model": "mentorrequest"}}, {"model": "contenttypes.contenttype", "pk": 23, "fields": {"app_label": "quiz", "model": "learningprogress"}}, {"model": "contenttypes.contenttype", "pk": 24, "fields": {"app_label": "quiz", "model": "usercareergoal"}}, {"model": "contenttypes.contenttype", "pk": 25, "fields": {"app_label": "quiz", "model": "careerpivotanalysis"}}, {"model": "contenttypes.contenttype", "pk": 26, "fields": {"app_label": "quiz", "model": "learninggoal"}}, {"model": "sessions.session", "pk": "22dfasm8i8i4bo8abrdoka5lkac0o7tu", "fields": {"session_data": ".eJxVjsEOgjAQRP-lV6XZLW2hPXr35p0s21ZQAgkUE2P8dyXhoNd5My_zEg2tuWvWJc5NH4QXShx_s5b4HscNhBuN10nyNOa5b-VWkTtd5HkKcTjt3T9BR0v3XRsVQuV0BTUhY2gNYqKaHFtXc0I2lW61NqEkFSlFNgpsdCkilyladJt0oCU3xLl_9Pm5XQVlC9AF4gWML60HJZ0Co90BwAOI9wflcEWn:1wBR0k:7SXN_fEqqBUjUVlrpAyhK9f9usm4iYSVW5yjPHnzILc", "expire_date": "2026-04-11T06:06:02.937Z"}}, {"model": "sessions.session", "pk": "4e75cr2mp79t6u36amve4ikmovje39zl", "fields": {"session_data": ".eJxVj7tOxDAQRf_FLYnlt2N3C6KgoAH6yM9dQ2Sj2LsSWu2_46AUy3Qz956ZO1cwm3M7zeca1jl5oAEBw_3MGvcV8ib4T5OPBbqS25os3CxwVyt8LT4sj7v334KTqadOT9ZHKpxwSBpEbYzcRe8lklFxFYlVnnoapGAu4jhRx6dAvWDBEknZZOi2dDG1zca1dEntZ4uKiBgRG5H8wEJTrAmDlJEJ4QeENEKdqaHWVPL-mrSGh85Q7_3IJqZGS7DqrSTBWsGwURvjyhoq0FfwFsySaksOaALlAF7yJfT2aHqEsM0UU_fVLYe17QSGmKP7wgN4Ly6ZpWsDeM4trN9rqikfgUaQ8QE8lX4gtx74zwQlv91-Aednfq4:1wA9Km:3DU-IEPH6aiQr5MehwYvREmYiCpzFCpzMTyDgK5X_sc", "expire_date": "2026-04-07T17:01:24.369Z"}}, {"model": "sessions.session", "pk": "4xanktuwxffk11htqhqdzgmkvull6ob0", "fields": {"session_data": ".eJxVj81OwzAQhN_FVxJrk43jJDdAHDhwAe7R-q81RA6K3Uqo6rtjix6alWVpPTOfxhc20ykd51O02-wNm1jLqvs3RfrbhiKYLwqHles1pM0rXiz8pkb-thq7PN28O8CR4jGnB2Uc9rrXIAlQOSe0M0aCdKMYXatGgwat7DvtGjegFoNF03dWtRK7gbBAF4ppJp382affUhXavoauBvnZNhPKfLiAEQAfACaAnIk2Rr-G_6_pvnGoQNSjMVR3qsF6zHftLGlLOBgCKhm9bjay6cLeLS0-Jq_Z1HLYT1ex13C2WT1QbmSLpe3G--kr9rilG6DhTcU-Vu1pKQvuaVixl5Ds9rP56MMhwyr2vGZ-SLl-iSBHsYuI6_UP-V6Evg:1wAE77:RzP5fwV9xJ_TqP9oGjGvJONkaY7LHW8Ww-2a3aRysFg", "expire_date": "2026-04-07T22:07:37.522Z"}}, {"model": "sessions.session", "pk": "c3th5gjdrz1ijmaij77vud7b35zl3hvg", "fields": {"session_data": ".eJxVj81OwzAQhN_FVxJr_ZfYuQHiwIELcI_c9aY1RA6K3Uqo6rvjQA90jzvfzM6e2eiP5TAeM61jDGxgkjX_dzuPn5Q2IXz4tF84Lqmsccc3hF_VzF-WQPPDlb0JOPh8qG4jQ-id7sF6gSLsjBCTt95h5yxOAk2vd1qboLwkPxEaCR25iQSqiTrhttDZ5zJ6LPEUy_dWFWTXgm4FvEsYhByE5QAdWHkHMABUT6ac45L-XtPOIFo1tcqhazU61doQRGsC1ruTAkV28-CyUmbDmb2Sn2MuEdkguISbkQ17Tieq6t7XRrQhztwgumH3a7kGSO60-z99w94WjH5mg-JgGvaUCq1fa8wx7X_5untc6o1U6gsbB9xdLj9O3IHe:1wBIDC:r32DO_ybGsrQ1mQ0qdCqX5fGw59azbdFEJ4Kn20eGnk", "expire_date": "2026-04-10T20:42:18.037Z"}}, {"model": "sessions.session", "pk": "e0tncjfwudmhb3xohbmewu4oah3t5s5s", "fields": {"session_data": ".eJxVj8FOwzAQRP_FV5Jo7TiJnRsgDhy4APdoY69bQ2Sj2K2Eqv47TikIjjM7M3p7YhMe8n46JFonb9nIBKv-ejOadwrbwb5h2MXGxJBXPzdbpLleU_MULS131-y_gT2mfWl3wtpBywEUcsPt3HHuUKE2vVbGcdMNcpaysy0KQkemE9CTdsRN66jnehtdMOUJTfZHnz83VBB9DbLm8MrFKNQo-6blCpS6ARgBSidRSj6G79cckDJIrpZlupbKyFrr0gcaWju3vKBcOiaulNh4Ys-Ei0_ZGzZCoyr2GI5U5A4LAm0er9jtmn8j0FXsJRqPy496CJnWj9UnH3bFq9h9LBshF6ZL6Hz-AtCsd7c:1wBAyc:z9lkCJsKL6ze8iepdLQWnq9TBIQHTCQQJwTgtvYgM7o", "expire_date": "2026-04-10T12:58:46.391Z"}}, {"model": "sessions.session", "pk": "f3zil1yf2fy191uqsx94awig15kag7sc", "fields": {"session_data": ".eJxVjMEOgjAQBf-lV6XZbVe67dG7N--ktEVQAgkUE2P8dyHhoNc38-YtKr_ktlrmNFVdFE6wOP5utQ-PNGwg3v1wG2UYhzx1tdwUudNZXsaY-vPu_gVaP7fru2FtOSQbm0AGSwKr1MkaImRLGkEpSEbVibmGoAPFEo1m44lRoY2wRXs_58qH3D27_FqbClRZABUIV2RHxqGWltgQHgAcgPh8AT48Q4I:1wBGsr:1jR1uuCLgNqF9KDBQdjPN99dXOb-TJYF7NacTtu8kVM", "expire_date": "2026-04-10T19:17:13.953Z"}}, {"model": "sessions.session", "pk": "i3n73iv08fvwq5hdbwzjvrrb5gon2tgh", "fields": {"session_data": ".eJxVjsEOgjAQRP-lV6XZLi2lPXr35p0s21ZQAgkUE2P8dyXhoNd5My_zEg2tuWvWJc5NH4QXKI6_WUt8j-MGwo3G6yR5GvPct3KryJ0u8jyFOJz27p-go6X7rg2GYJ22UJNiFVqjVKKaHFeu5qTYWN1qbUJJGClFNghVdCkqLlOslNukAy25Ic79o8_P7SpgVUBZoL1A6Y31iNJZtNoeADyAeH8A5pJFtw:1w5yK2:SjxprPYjfwg4LYgdUr_e8NE7k_7ySKBErYEpkbXbZiY", "expire_date": "2026-03-27T04:27:22.974Z"}}, {"model": "sessions.session", "pk": "k8f6t8q2deb9wk0y171krglxezz9wf9e", "fields": {"session_data": ".eJxVj71OxDAQhN_FLYnl_8TuAFFQ0AB9tLE3OUPkoNh3Ejrdu-OIK-623Jlvd-ZMBjiWw3DMuA0xEEcEaW53I_hvTLsQviDNK_VrKlsc6W6hVzXTtzXg8nT13h04QD5UWosQOqs61gP3PIya8wl6sN7Y3k_c606NSukgQSBM6LVgBu2E3MsJDbf70QVyGcCXeIrld4_KhGmZajn7ZJ2TwglDe8uMUg-MOcYqkzHnuKb_an1gMEppWgQhWxV014LXvA3SSqUA-47v4bNfN8zEnck7whJziZ44QY29m64hr-mEVZ2hJkLiOJW6IY9buSKcCs1uRzTkY_URll3rq_clFdx-tphjmoljlb_zM9mQ57U-SaV22DFB9eXyByDFgdY:1wB6Lq:2rFUroY2Rj1kovI5j7AvAAEeDBtC7XrlUAYwBiXPM_Y", "expire_date": "2026-04-10T08:02:26.912Z"}}, {"model": "sessions.session", "pk": "kqxzr8tzar4cb9v2fkfc2xr748ik3vvt", "fields": {"session_data": ".eJxdj8FOhDAQht-lV4FMW0opNzUePHhR72R2GNgqKYZ2NzGbfXdhd2PEHuf7_r8zJ9HiIe3bQ-S59Z1ohBbZ39kO6ZPDCroPDMNU0BTS7HfFqhQ3GouXqePx4eZuCvYY90ta9a5HY8FwTbZCyRZZOkeV0lpa6UBpJu6RakW9swyd61yFFRChtd1lqxFjapGSP_r0vXaCqnIocwnvoBttGgNFrU1tyjuABmDJRI7RT-F6mkWLvatUTlS6vITO5K5XlJO2SkuodI9qzdA0cxTNSbwyjj4mT6KRhYbN05l4Dkde6IDLRrwqbqvITNzP6bdAmv_0bSKPo2jUwjLxFBLPX7OPPgyXtq2vMvE4LT-GtBx0TRlzPv8ARXuDqA:1wB2es:lB-NpcT0ftZRTYGsAZIk53O9JIZacP2JWzfP5Sw4g0U", "expire_date": "2026-04-10T04:05:50.846Z"}}, {"model": "sessions.session", "pk": "lsi2izdm426u0drjy7nk1mxxzkmwvqfz", "fields": {"session_data": ".eJxVjMsOgjAURP-lW6W53Jbbx9K9O_ek0FaqBBIoJsb475bEhWZ2M2fOi7Vuy0O7rWFpk2eWCXb87TrX38O0D_7mpuvM-3nKS-r4jvDvuvLz7MN4-rJ_gsGtQ3lL5ZQCL0MJoiKUUmOjRWx0dEhKUdQCjFAUjG-ENsbXJDoZjS4vjLt0dGtuXZ_TI-VncSIgVSAqlJdaWgRbE6daIdEBwAKw9wc2bUOW:1w52cC:d956I516SCwnuzUO1gZ6wy7RIaJPBx9QYCOFGcbwiZs", "expire_date": "2026-03-24T14:50:16.627Z"}}, {"model": "sessions.session", "pk": "ml8ebz7ni3b6g7w67btcq0nctrmwclsc", "fields": {"session_data": ".eJxFjrEKwzAMRP9Fcwxp44jUWykdujYfUIysBEGwi2WyhPx7jZdud-_u4A5QVpUUPxLAARP14WbRXAe8GIthNB45mIGYFpysx2WCDpRSZgV3wJv9JlqEwPUdvOLO1ay-yM6N3HP5x3Mi8VuTz1g4f7OoxLWBR6rbWOqT1jjPH5pcMXY:1w53St:iLVjizC1yK07CgVI4_O4AACDyrzLmlDWlqJwLVREaM0", "expire_date": "2026-03-24T15:44:43.790Z"}}, {"model": "sessions.session", "pk": "n55yv9yvz0toob4ddo6lo6r6v2d534px", "fields": {"session_data": ".eJxVjsEOgjAQRP-lV6XZLW2hPXr35p0s21ZQAgkUE2P8dyXhoNd5My_zEg2tuWvWJc5NH4QXShx_s5b4HscNhBuN10nyNOa5b-VWkTtd5HkKcTjt3T9BR0v3XRsVQuV0BTUhY2gNYqKaHFtXc0I2lW61NqEkFSlFNgpsdCkilyladJt0oCU3xLl_9Pm5XQVlC9AFwgWMN-iNllpZp-sDgAcQ7w_lukWu:1wB4mY:kKU9vY5iAooZx9jOlL5xcNFKngP-5y07AgSM7_RlR_Q", "expire_date": "2026-04-10T06:21:54.432Z"}}, {"model": "sessions.session", "pk": "roz4sq0vcj9ftpers1p8zp2i9fg5iy74", "fields": {"session_data": ".eJxVjsEOgjAQRP-lV6XZttDaHr17806W7SIogYQWE2P8d8Vw0Ou8mZd5ihqX3NVL4rnuowjCiP1v1iDdeFxBvOJ4mSRNY577Rq4VudEkT1Pk4bh1_wQdpu6z1q1vsXJQ8YGcRcUOWXlPVhujnPKgDRO3SAdNrXcM0Udv0QIROhe_rwZMuUbK_b3Pj9UJ2hZQFgrOUAbtQ2WlcdootQMIAOL1BtzPRYI:1wB3VE:TynNO5TE7zyUDColrR3DuX-DCyjfCFlxvM8mQIsdGB8", "expire_date": "2026-04-10T04:59:56.387Z"}}, {"model": "sessions.session", "pk": "s4b549awxslyksbn1rpouyipivllezel", "fields": {"session_data": ".eJxVjsEOgjAQRP-lV6XZLS20PXr35p0s21ZQAgkUE2P8dyXhoNd5My_zEg2tuWvWJc5NH4QXShx_s5b4HscNhBuN10nyNOa5b-VWkTtd5HkKcTjt3T9BR0v3XRsVQu10DZaQMbQGMZElx5WznJBNrVutTShJRUqRjYIquhSRyxQrdJt0oCU3xLl_9Pm5XQVVFaALhAvWHqxXWlp0YN0BwAOI9wfmCEWy:1wBFLE:L8wBYPf8fE6UP799RnkFcgcyA9GS7Rzb_VrXQOMVd2A", "expire_date": "2026-04-10T17:38:24.866Z"}}, {"model": "sessions.session", "pk": "st1s3sei99wtz3e6zrelzyqful04dqu2", "fields": {"session_data": ".eJxVj0tPxCAUhf8LW1vC-9HdaFy4cKPuGwq0gzZgCjOJmcx_F3QS7WV17znf4d4LGM2pHMdT9tsYHBgABd3_2WTsh49NcO8mLgnaFMsWJtgs8KZm-JycX-9v3l3A0eRjpZk0UiLHfH2ESEEYU4QrOnM1GyKkFLOiSFMpvHacKq0dFnRis1aVInMLXU0uo7ElnEP5qpkEEdEj2hP2hvmA2MAoxEJIpe8QGhCqTPY5hxR_T5skEZi4ucfe2Z4xxnttFe4VlWiyzFHM2_LZps1nMFzAizdryCVYMFCI9K5EB57i2Vd1MXUj3yx0b-nAYSt_PO_Aa7LBrK3DHXiMxW-fW8ghLj-jPS078JDqD7HUAxrEIObX6zfPsoAq:1w53JD:LbMXOkBKXX5g-B9G6SO6GOZVgF1j1hVo0s7A9ZQHoGU", "expire_date": "2026-03-24T15:34:43.184Z"}}, {"model": "sessions.session", "pk": "ty2prkg1sizgcjopmw4shbfzsnvwon66", "fields": {"session_data": ".eJxVjL0OgjAURt-lq9Lc3pa2l9HdzZ30V1ACCRQTY3x3IXHQ9TvnOy_WurV07bqkue0ja5hkx9_Nu3BP4w7izY3XiYdpLHPv-a7wL134eYppOH3dv0Dnlm57C6KUAb2OhlAIo7xQJposDRrtLQUR6pgpK_LSeYVRqDpT0kpbC0Rujw5uKa0LpX_05bk1EVBXICtUF1E30jRouQRhNR4AGgD2_gCIgER9:1w53ou:4i639MsTYFWlmAAReGTN0nyh4iuNM3z78mWsVvqgatM", "expire_date": "2026-03-24T16:07:28.319Z"}}, {"model": "sessions.session", "pk": "vs8gwnul5pc2y4wkx0ogefc39adofbti", "fields": {"session_data": ".eJxVj81OxDAMhN8lV9ooSfPT9AaIAwcuwL1yE3c3UCWoya6EVvvuNIAE9c2e-ezxhYxwKsfxlHEdgycDEaT5P5vAvWOsgn-DeEjUpVjWMNFqob9qpk_J43L3690tOEI-brQS3hsrDeuBO-4nxfkMPVinbe9m7pSRk5TKdyAQZnRKMI12Ru66GTW3dekCuYzgSjiH8lmjMqFbJlvOX1k3CDFIQ6W0rOc3jA2MbUzGnEOKP6-h9TNDVYFOt9Jb1faTk63hShs3KaVEVxmXVsxkuJBnhCXkEhwZOsrsrnRDHuMZN_UAWyKslm5vacjtWv541ZCX5AIsteMNeYgF14815BAP36M9bRpyn7YLsWwPVEhSrq7XL_Oagdw:1wBOvn:_MCNrEe9k6b5QFcCFUFqR05yTd-q3AgkQKTx24d7Ctk", "expire_date": "2026-04-11T03:52:47.459Z"}}, {"model": "sessions.session", "pk": "w81p61db0j27u3hc7sxmtqm5bl9qb758", "fields": {"session_data": ".eJxVTztPwzAQ_i9eSayzc7aTbIAYGFiAPfIrqSFyUOxWQlX_O7bo0N523-u-O5NJH_NhOia_T8GRkSjS3GJG228fK-G-dFw2areY92BoldArm-jb5vz6dNXeBRx0OhT3oJFxPTsJDnopUTIBqCQw4BawNyjdXBZtQDgGfrDg1SyMt2g9Cg81dNUpT9rmcAr5t2Ry4LIFbBl8Mhx5PwpOoZOqHx4ARqie5FMKW_x_bXbKeeNEi4q5Fq2Qba-cbjucRc-FM0bV8sluu09kPJN3r9eQcrBk7CiIhrzGky_7oksHX0HE4Xa6hjzu-WrhdLhnVUM-Nhv0Wp2sIS8x-_1nDynEpUK8XHjeyomYS-cqQ8ovlz-3Kn7S:1wBCqq:rTyZ83QWBnURanOZkrhkONlrIApX6pjzk6q0hKm6fd4", "expire_date": "2026-04-10T14:58:52.064Z"}}, {"model": "sessions.session", "pk": "ze8unr0y4nipw2hn0jpivvm21jmgwdag", "fields": {"session_data": ".eJxVT8tOwzAQ_BdfSaK1s_Ejt4I4cOAC3CPH3raGyEaxWwlV_XeSUAn1tjsvzVxYppxDikPwrGcKPDhEqqnzUKMwsrad62pOdkQ0Qrbasopll2bKrL-wN7JTyCU41kPFXuKZludgSzjThuzm8k-_JxfstJ3PsdD8PYcc4mEDntLijWVpsimuFRvsqRyHU6b5r5tmd9ho3RfFlfCfNh5S41IscxibVdLc2Ny8Jk_T4017F3C0-bi497o12pHxe4eKSwQjRGcUItcGWw5CACkxktYjuNahl1y1WlnUXHDjYQ2dbC6DdcvqUH6WTAFC1oA1hw9ueiF7LptOcAXiAaAHYNdfNpVzeg:1wBHUe:DK8L7hlS2PSVA7ynRKDWRKWoiUSqF76KzjTMwu5-yF8", "expire_date": "2026-04-10T19:56:16.554Z"}}, {"model": "sessions.session", "pk": "zutryq3hsjud5w9ub8ixhdixspzrjmrg", "fields": {"session_data": ".eJxVj81uwyAQhN-Fa21rwRiMb2nVQw-9tL1b_CwJrYUrQyJVUd69oOSQ7I2db4bZM5n1MR_mY8JtDo5MhJHmfme0_cFYBfet437t7BrzFkxXke6mpu59dbg839iHgINOh-IemHNScQmjppY6M1Dq9aiVFWq0ntpBcsP54HrNUHu0AwOByiO1vUdBVQ1ddMqztjmcQv6rVYGJFnhL4QvUxMeJ9x3japTDE8AEUDwJUwprvJ5mBDPSSt9KYL7lDGlrqHGtQM-YEOC0q-WTXTdMZDqTD9RLSDlYMrFOcHU_Q0Pe4gmLutelEVZEPSKyIbst3wL6Dorlc7VBL9cX3E_fkNeYcfvdQgpxXwla-Je1_BFzOaG6oOweXMAul38x_IWz:1wB8Tj:S9bzArehgEekM5YRsHv8Yn3pewm4O0zeHD9B0W2BNVY", "expire_date": "2026-04-10T10:18:43.282Z"}}, {"model": "quiz.userprofile", "pk": 1, "fields": {"user": 3, "bio": "he", "profile_picture": "", "location": "pcmc", "phone": "", "current_role": "student", "experience_level": "entry", "preferred_notification": "email", "created_at": "2026-03-24T13:46:12.818Z", "updated_at": "2026-04-10T01:56:40.032Z"}}, {"model": "quiz.userprofile", "pk": 2, "fields": {"user": 2, "bio": "he/him", "profile_picture": "", "location": "pune", "phone": "", "current_role": "student", "experience_level": "entry", "preferred_notification": "email", "created_at": "2026-04-07T21:16:34.016Z", "updated_at": "2026-04-07T21:25:29.428Z"}}, {"model": "quiz.userprofile", "pk": 3, "fields": {"user": 6, "bio": null, "profile_picture": "", "location": "", "phone": "", "current_role": "", "experience_level": "student", "preferred_notification": "email", "created_at": "2026-04-10T05:10:40.092Z", "updated_at": "2026-04-10T05:10:40.093Z"}}, {"model": "quiz.userprofile", "pk": 5, "fields": {"user": 8, "bio": "she/her", "profile_picture": "", "location": "pcmc", "phone": "", "current_role": "student", "experience_level": "student", "preferred_notification": "email", "created_at": "2026-04-10T17:28:25.139Z", "updated_at": "2026-04-10T17:58:22.838Z"}}, {"model": "quiz.userprofile", "pk": 6, "fields": {"user": 9, "bio": null, "profile_picture": "", "location": "", "phone": "", "current_role": "", "experience_level": "student", "preferred_notification": "email", "created_at": "2026-04-11T04:44:28.173Z", "updated_at": "2026-04-11T04:44:28.173Z"}}, {"model": "quiz.userprofile", "pk": 7, "fields": {"user": 10, "bio": null, "profile_picture": "", "location": "", "phone": "", "current_role": "", "experience_level": "student", "preferred_notification": "email", "created_at": "2026-04-11T05:34:35.124Z", "updated_at": "2026-04-11T05:34:35.124Z"}}, {"model": "quiz.career", "pk": 1, "fields": {"title": "Software Developer", "primary_category": "Investigative", "secondary_categories": [], "description": "Build and maintain software applications", "detailed_description": "", "average_salary_min": null, "average_salary_max": null, "job_growth_rate": null, "career_outlook": "", "required_education": "", "certifications": [], "typical_companies": [], "work_environment": "", "average_rating": 0.0}}, {"model": "quiz.career", "pk": 2, "fields": {"title": "Data Scientist", "primary_category": "Investigative", "secondary_categories": [], "description": "Analyze data and build machine learning models", "detailed_description": "", "average_salary_min": null, "average_salary_max": null, "job_growth_rate": null, "career_outlook": "", "required_education": "", "certifications": [], "typical_companies": [], "work_environment": "", "average_rating": 0.0}}, {"model": "quiz.career", "pk": 3, "fields": {"title": "Product Manager", "primary_category": "Enterprising", "secondary_categories": [], "description": "Manage product strategy and roadmap", "detailed_description": "", "average_salary_min": null, "average_salary_max": null, "job_growth_rate": null, "career_outlook": "", "required_education": "", "certifications": [], "typical_companies": [], "work_environment": "", "average_rating": 0.0}}, {"model": "quiz.career", "pk": 4, "fields": {"title": "UX/UI Designer", "primary_category": "Artistic", "secondary_categories": [], "description": "Design beautiful and intuitive user interfaces", "detailed_description": "", "average_salary_min": null, "average_salary_max": null, "job_growth_rate": null, "career_outlook": "", "required_education": "", "certifications": [], "typical_companies": [], "work_environment": "", "average_rating": 0.0}}, {"model": "quiz.career", "pk": 5, "fields": {"title": "Business Analyst", "primary_category": "Conventional", "secondary_categories": [], "description": "Analyze business processes and requirements", "detailed_description": "", "average_salary_min": null, "average_salary_max": null, "job_growth_rate": null, "career_outlook": "", "required_education": "", "certifications": [], "typical_companies": [], "work_environment": "", "average_rating": 0.0}}, {"model": "quiz.career", "pk": 6, "fields": {"title": "DevOps Engineer", "primary_category": "Realistic", "secondary_categories": [], "description": "Manage infrastructure and deployments", "detailed_description": "", "average_salary_min": null, "average_salary_max": null, "job_growth_rate": null, "career_outlook": "", "required_education": "", "certifications": [], "typical_companies": [], "work_environment": "", "average_rating": 0.0}}, {"model": "quiz.career", "pk": 7, "fields": {"title": "Sales Manager", "primary_category": "Enterprising", "secondary_categories": [], "description": "Lead sales team and drive revenue", "detailed_description": "", "average_salary_min": null, "average_salary_max": null, "job_growth_rate": null, "career_outlook": "", "required_education": "", "certifications": [], "typical_companies": [], "work_environment": "", "average_rating": 0.0}}, {"model": "quiz.career", "pk": 8, "fields": {"title": "Content Strategist", "primary_category": "Artistic", "secondary_categories": [], "description": "Create and manage content strategy", "detailed_description": "", "average_salary_min": null, "average_salary_max": null, "job_growth_rate": null, "career_outlook": "", "required_education": "", "certifications": [], "typical_companies": [], "work_environment": "", "average_rating": 0.0}}, {"model": "quiz.career", "pk": 9, "fields": {"title": "Machine Learning Engineer", "primary_category": "Investigative", "secondary_categories": [], "description": "Build and deploy ML systems for production", "detailed_description": "", "average_salary_min": 130000, "average_salary_max": 180000, "job_growth_rate": 22.0, "career_outlook": "", "required_education": "", "certifications": [], "typical_companies": [], "work_environment": "", "average_rating": 0.0}}, {"model": "quiz.skill", "pk": 1, "fields": {"name": "Python", "category": "Technical", "description": "Programming language for data science and backend development", "difficulty_level": "intermediate", "learning_resources": ["https://www.coursera.org", "https://www.udemy.com", "https://www.linkedin.com/learning"], "careers": [2, 6, 9, 1]}}, {"model": "quiz.skill", "pk": 2, "fields": {"name": "JavaScript", "category": "Technical", "description": "Frontend and full-stack web development", "difficulty_level": "beginner", "learning_resources": ["https://www.coursera.org", "https://www.udemy.com", "https://www.linkedin.com/learning"], "careers": [1]}}, {"model": "quiz.skill", "pk": 3, "fields": {"name": "SQL", "category": "Technical", "description": "Database management and querying", "difficulty_level": "intermediate", "learning_resources": ["https://www.coursera.org", "https://www.udemy.com", "https://www.linkedin.com/learning"], "careers": [2]}}, {"model": "quiz.skill", "pk": 4, "fields": {"name": "Machine Learning", "category": "Technical", "description": "AI and predictive modeling", "difficulty_level": "advanced", "learning_resources": ["https://www.coursera.org", "https://www.udemy.com", "https://www.linkedin.com/learning"], "careers": [2, 9]}}, {"model": "quiz.skill", "pk": 5, "fields": {"name": "Data Analysis", "category": "Technical", "description": "Data interpretation and business intelligence", "difficulty_level": "intermediate", "learning_resources": ["https://www.coursera.org", "https://www.udemy.com", "https://www.linkedin.com/learning"], "careers": [5, 2]}}, {"model": "quiz.skill", "pk": 6, "fields": {"name": "Web Development", "category": "Technical", "description": "Building responsive web applications", "difficulty_level": "intermediate", "learning_resources": ["https://www.coursera.org", "https://www.udemy.com", "https://www.linkedin.com/learning"], "careers": []}}, {"model": "quiz.skill", "pk": 7, "fields": {"name": "Cloud Computing", "category": "Technical", "description": "AWS, Azure, or GCP experience", "difficulty_level": "intermediate", "learning_resources": ["https://www.coursera.org", "https://www.udemy.com", "https://www.linkedin.com/learning"], "careers": [6, 9]}}, {"model": "quiz.skill", "pk": 8, "fields": {"name": "DevOps", "category": "Technical", "description": "CI/CD pipelines and deployment", "difficulty_level": "advanced", "learning_resources": ["https://www.coursera.org", "https://www.udemy.com", "https://www.linkedin.com/learning"], "careers": [6, 9]}}, {"model": "quiz.skill", "pk": 9, "fields": {"name": "Communication", "category": "Soft Skills", "description": "Ability to convey ideas clearly", "difficulty_level": "intermediate", "learning_resources": ["https://www.coursera.org", "https://www.udemy.com", "https://www.linkedin.com/learning"], "careers": [5, 8, 3, 7, 1, 4]}}, {"model": "quiz.skill", "pk": 10, "fields": {"name": "Leadership", "category": "Soft Skills", "description": "Team management and decision-making", "difficulty_level": "intermediate", "learning_resources": ["https://www.coursera.org", "https://www.udemy.com", "https://www.linkedin.com/learning"], "careers": [6, 3, 7]}}, {"model": "quiz.skill", "pk": 11, "fields": {"name": "Problem Solving", "category": "Soft Skills", "description": "Analytical and critical thinking skills", "difficulty_level": "intermediate", "learning_resources": ["https://www.coursera.org", "https://www.udemy.com", "https://www.linkedin.com/learning"], "careers": [5, 2, 6, 1, 4]}}, {"model": "quiz.skill", "pk": 12, "fields": {"name": "Project Management", "category": "Soft Skills", "description": "Planning and executing projects", "difficulty_level": "intermediate", "learning_resources": ["https://www.coursera.org", "https://www.udemy.com", "https://www.linkedin.com/learning"], "careers": [5, 8, 3, 7]}}, {"model": "quiz.skill", "pk": 13, "fields": {"name": "Teamwork", "category": "Soft Skills", "description": "Collaboration and cooperation", "difficulty_level": "intermediate", "learning_resources": ["https://www.coursera.org", "https://www.udemy.com", "https://www.linkedin.com/learning"], "careers": []}}, {"model": "quiz.skill", "pk": 14, "fields": {"name": "Time Management", "category": "Soft Skills", "description": "Prioritization and efficiency", "difficulty_level": "beginner", "learning_resources": ["https://www.coursera.org", "https://www.udemy.com", "https://www.linkedin.com/learning"], "careers": []}}, {"model": "quiz.skill", "pk": 15, "fields": {"name": "Negotiation", "category": "Soft Skills", "description": "Conflict resolution and deal-making", "difficulty_level": "intermediate", "learning_resources": ["https://www.coursera.org", "https://www.udemy.com", "https://www.linkedin.com/learning"], "careers": [7]}}, {"model": "quiz.skill", "pk": 16, "fields": {"name": "Presentation", "category": "Soft Skills", "description": "Public speaking and pitch skills", "difficulty_level": "beginner", "learning_resources": ["https://www.coursera.org", "https://www.udemy.com", "https://www.linkedin.com/learning"], "careers": []}}, {"model": "quiz.skill", "pk": 17, "fields": {"name": "Business Analysis", "category": "Business Skills", "description": "Understanding business processes", "difficulty_level": "intermediate", "learning_resources": ["https://www.coursera.org", "https://www.udemy.com", "https://www.linkedin.com/learning"], "careers": [5, 3]}}, {"model": "quiz.skill", "pk": 18, "fields": {"name": "Market Research", "category": "Business Skills", "description": "Competitive analysis and customer insights", "difficulty_level": "intermediate", "learning_resources": ["https://www.coursera.org", "https://www.udemy.com", "https://www.linkedin.com/learning"], "careers": [8, 3]}}, {"model": "quiz.skill", "pk": 19, "fields": {"name": "Financial Analysis", "category": "Business Skills", "description": "Budget and financial planning", "difficulty_level": "intermediate", "learning_resources": ["https://www.coursera.org", "https://www.udemy.com", "https://www.linkedin.com/learning"], "careers": [5]}}, {"model": "quiz.skill", "pk": 20, "fields": {"name": "Strategic Planning", "category": "Business Skills", "description": "Long-term business strategy", "difficulty_level": "advanced", "learning_resources": ["https://www.coursera.org", "https://www.udemy.com", "https://www.linkedin.com/learning"], "careers": []}}, {"model": "quiz.skill", "pk": 21, "fields": {"name": "Sales", "category": "Business Skills", "description": "Customer acquisition and revenue generation", "difficulty_level": "intermediate", "learning_resources": ["https://www.coursera.org", "https://www.udemy.com", "https://www.linkedin.com/learning"], "careers": [7]}}, {"model": "quiz.skill", "pk": 22, "fields": {"name": "Entrepreneurship", "category": "Business Skills", "description": "Starting and scaling businesses", "difficulty_level": "advanced", "learning_resources": ["https://www.coursera.org", "https://www.udemy.com", "https://www.linkedin.com/learning"], "careers": []}}, {"model": "quiz.skill", "pk": 23, "fields": {"name": "UI/UX Design", "category": "Creative Skills", "description": "User interface and experience design", "difficulty_level": "beginner", "learning_resources": ["https://www.coursera.org", "https://www.udemy.com", "https://www.linkedin.com/learning"], "careers": [4]}}, {"model": "quiz.skill", "pk": 24, "fields": {"name": "Graphic Design", "category": "Creative Skills", "description": "Visual communication and branding", "difficulty_level": "beginner", "learning_resources": ["https://www.coursera.org", "https://www.udemy.com", "https://www.linkedin.com/learning"], "careers": [4]}}, {"model": "quiz.skill", "pk": 25, "fields": {"name": "Content Writing", "category": "Creative Skills", "description": "Creating engaging written content", "difficulty_level": "beginner", "learning_resources": ["https://www.coursera.org", "https://www.udemy.com", "https://www.linkedin.com/learning"], "careers": [8]}}, {"model": "quiz.skill", "pk": 26, "fields": {"name": "Video Production", "category": "Creative Skills", "description": "Filming and video editing", "difficulty_level": "beginner", "learning_resources": ["https://www.coursera.org", "https://www.udemy.com", "https://www.linkedin.com/learning"], "careers": []}}, {"model": "quiz.skill", "pk": 27, "fields": {"name": "Adaptability", "category": "Soft Skills", "description": "Flexibility and adaptability", "difficulty_level": "intermediate", "learning_resources": {"courses": ["Udemy course on Adaptability", "Coursera specialization in Adaptability"], "books": ["Book on Adaptability"], "tutorials": ["Free tutorials on Adaptability"]}, "careers": []}}, {"model": "quiz.skill", "pk": 28, "fields": {"name": "Critical Thinking", "category": "Soft Skills", "description": "Critical thinking skills", "difficulty_level": "intermediate", "learning_resources": {"courses": ["Udemy course on Critical Thinking", "Coursera specialization in Critical Thinking"], "books": ["Book on Critical Thinking"], "tutorials": ["Free tutorials on Critical Thinking"]}, "careers": []}}, {"model": "quiz.skill", "pk": 29, "fields": {"name": "Business Strategy", "category": "Business", "description": "Strategic planning", "difficulty_level": "intermediate", "learning_resources": {"courses": ["Udemy course on Business Strategy", "Coursera specialization in Business Strategy"], "books": ["Book on Business Strategy"], "tutorials": ["Free tutorials on Business Strategy"]}, "careers": [5, 3]}}, {"model": "quiz.skill", "pk": 30, "fields": {"name": "Marketing", "category": "Business", "description": "Marketing and brand strategy", "difficulty_level": "intermediate", "learning_resources": {"courses": ["Udemy course on Marketing", "Coursera specialization in Marketing"], "books": ["Book on Marketing"], "tutorials": ["Free tutorials on Marketing"]}, "careers": [8]}}, {"model": "quiz.skill", "pk": 31, "fields": {"name": "Creative Thinking", "category": "Creative", "description": "Innovation and creative ideation", "difficulty_level": "intermediate", "learning_resources": {"courses": ["Udemy course on Creative Thinking", "Coursera specialization in Creative Thinking"], "books": ["Book on Creative Thinking"], "tutorials": ["Free tutorials on Creative Thinking"]}, "careers": [8, 4]}}, {"model": "quiz.userskill", "pk": 1, "fields": {"user": 3, "skill": 9, "proficiency_level": "beginner", "years_of_experience": 0.0, "acquired_at": "2026-04-10T04:17:36.377Z"}}, {"model": "quiz.userskill", "pk": 10, "fields": {"user": 3, "skill": 11, "proficiency_level": "intermediate", "years_of_experience": 0.0, "acquired_at": "2026-04-10T04:29:56.317Z"}}, {"model": "quiz.userskill", "pk": 11, "fields": {"user": 6, "skill": 12, "proficiency_level": "beginner", "years_of_experience": 0.0, "acquired_at": "2026-04-10T05:15:03.430Z"}}, {"model": "quiz.userskill", "pk": 12, "fields": {"user": 2, "skill": 29, "proficiency_level": "intermediate", "years_of_experience": 0.0, "acquired_at": "2026-04-10T05:18:20.647Z"}}, {"model": "quiz.userskill", "pk": 13, "fields": {"user": 2, "skill": 30, "proficiency_level": "advanced", "years_of_experience": 0.0, "acquired_at": "2026-04-10T11:58:04.204Z"}}, {"model": "quiz.userskill", "pk": 14, "fields": {"user": 2, "skill": 17, "proficiency_level": "intermediate", "years_of_experience": 0.0, "acquired_at": "2026-04-10T17:26:27.997Z"}}, {"model": "quiz.userskill", "pk": 15, "fields": {"user": 8, "skill": 1, "proficiency_level": "intermediate", "years_of_experience": 1.0, "acquired_at": "2026-04-10T17:41:46.667Z"}}, {"model": "quiz.userskill", "pk": 16, "fields": {"user": 2, "skill": 22, "proficiency_level": "intermediate", "years_of_experience": 0.0, "acquired_at": "2026-04-11T03:21:08.720Z"}}, {"model": "quiz.userskill", "pk": 17, "fields": {"user": 2, "skill": 19, "proficiency_level": "intermediate", "years_of_experience": 0.0, "acquired_at": "2026-04-11T05:32:33.913Z"}}, {"model": "quiz.userskill", "pk": 18, "fields": {"user": 2, "skill": 31, "proficiency_level": "intermediate", "years_of_experience": 0.0, "acquired_at": "2026-04-11T08:06:50.808Z"}}, {"model": "quiz.assessment", "pk": 10, "fields": {"user": 3, "session_id": "7a7af962-cc49-40d5-9f2c-c37231063fa2", "top_category": "Conventional", "scores": {"Realistic": 1.3000000000000003, "Investigative": 1.9000000000000001, "Artistic": 1.1500000000000001, "Social": 2.15, "Enterprising": 1.9500000000000002, "Conventional": 2.55}, "results": {"career_pathway": {"primary": "Conventional & Social Career Path", "roles": ["Professional in related field", "Specialist consultant", "Project manager", "Industry coordinator"], "skills": ["Communication", "Problem-solving", "Technical skills", "Leadership", "Continuous learning"], "next_steps": ["Research careers matching your profile", "Connect with professionals in the field", "Take relevant online courses or certifications"]}, "top_3_categories": ["Conventional", "Social", "Enterprising"]}, "completed_at": "2026-04-10T03:03:40.999Z"}}, {"model": "quiz.assessment", "pk": 12, "fields": {"user": 6, "session_id": "7708bb56-2e68-438d-94d4-aca744ae8585", "top_category": "Conventional", "scores": {"Realistic": 1.2000000000000002, "Investigative": 2.15, "Artistic": 2, "Social": 2.0999999999999996, "Enterprising": 2.1, "Conventional": 2.45}, "results": {"career_pathway": {"primary": "Conventional & Investigative Career Path", "roles": ["Professional in related field", "Specialist consultant", "Project manager", "Industry coordinator"], "skills": ["Communication", "Problem-solving", "Technical skills", "Leadership", "Continuous learning"], "next_steps": ["Research careers matching your profile", "Connect with professionals in the field", "Take relevant online courses or certifications"]}, "top_3_categories": ["Conventional", "Investigative", "Enterprising"]}, "completed_at": "2026-04-10T05:11:52.887Z"}}, {"model": "quiz.assessment", "pk": 14, "fields": {"user": 2, "session_id": "b62b7c7f-702f-42e1-b1bd-6ef22660dadd", "top_category": "Enterprising", "scores": {"Realistic": 2.6499999999999995, "Investigative": 2.9499999999999997, "Artistic": 3.05, "Social": 3.0500000000000003, "Enterprising": 3.15, "Conventional": 0.15000000000000002}, "results": {"career_pathway": {"primary": "Enterprising & Social Career Path", "roles": ["Professional in related field", "Specialist consultant", "Project manager", "Industry coordinator"], "skills": ["Communication", "Problem-solving", "Technical skills", "Leadership", "Continuous learning"], "next_steps": ["Research careers matching your profile", "Connect with professionals in the field", "Take relevant online courses or certifications"]}, "top_3_categories": ["Enterprising", "Social", "Artistic"]}, "completed_at": "2026-04-10T08:58:55.690Z"}}, {"model": "quiz.assessment", "pk": 17, "fields": {"user": 8, "session_id": "7e6df242-a457-4c1a-92d5-8a9d941661f6", "top_category": "Investigative", "scores": {"Realistic": 2.85, "Investigative": 3.0499999999999994, "Artistic": 2.85, "Social": 1.1, "Enterprising": 0.65, "Conventional": 2.5}, "results": {"career_pathway": {"primary": "Investigative & Realistic Career Path", "roles": ["Professional in related field", "Specialist consultant", "Project manager", "Industry coordinator"], "skills": ["Communication", "Problem-solving", "Technical skills", "Leadership", "Continuous learning"], "next_steps": ["Research careers matching your profile", "Connect with professionals in the field", "Take relevant online courses or certifications"]}, "top_3_categories": ["Investigative", "Realistic", "Artistic"]}, "completed_at": "2026-04-10T17:34:13.455Z"}}, {"model": "quiz.assessment", "pk": 19, "fields": {"user": 2, "session_id": "495cc83f-39c9-4c93-8dd1-5dcd3af303e8", "top_category": "Social", "scores": {"Realistic": 1.2000000000000002, "Investigative": 1.9500000000000004, "Artistic": 2.9499999999999997, "Social": 3.05, "Enterprising": 2.95, "Conventional": 0.9}, "results": {"career_pathway": {"primary": "Social & Enterprising Career Path", "roles": ["Professional in related field", "Specialist consultant", "Project manager", "Industry coordinator"], "skills": ["Communication", "Problem-solving", "Technical skills", "Leadership", "Continuous learning"], "next_steps": ["Research careers matching your profile", "Connect with professionals in the field", "Take relevant online courses or certifications"]}, "top_3_categories": ["Social", "Enterprising", "Artistic"]}, "completed_at": "2026-04-10T20:06:33.311Z"}}, {"model": "quiz.assessment", "pk": 22, "fields": {"user": 2, "session_id": "c4b38eb1-d196-46f4-adad-115239554490", "top_category": "Conventional", "scores": {"Realistic": 2.2500000000000004, "Investigative": 3.1999999999999993, "Artistic": 2.25, "Social": 2.2, "Enterprising": 2.9499999999999997, "Conventional": 4.15}, "results": {"career_pathway": {"primary": "Conventional & Investigative Career Path", "roles": ["Professional in related field", "Specialist consultant", "Project manager", "Industry coordinator"], "skills": ["Communication", "Problem-solving", "Technical skills", "Leadership", "Continuous learning"], "next_steps": ["Research careers matching your profile", "Connect with professionals in the field", "Take relevant online courses or certifications"]}, "top_3_categories": ["Conventional", "Investigative", "Enterprising"]}, "completed_at": "2026-04-11T05:30:53.274Z"}}, {"model": "quiz.careerroadmap", "pk": 1, "fields": {"career": 1, "timeline_months": 12, "steps": [{"step": 1, "title": "Learn Fundamentals", "duration_months": 3, "description": "Master programming basics"}, {"step": 2, "title": "Build Projects", "duration_months": 6, "description": "Create portfolio projects"}, {"step": 3, "title": "Learn Frameworks", "duration_months": 3, "description": "Master web frameworks"}, {"step": 4, "title": "Get Internship", "duration_months": 6, "description": "First professional experience"}, {"step": 5, "title": "Senior Developer", "duration_months": 24, "description": "Progress to senior role"}], "estimated_cost": null, "resources": [], "success_tips": []}}, {"model": "quiz.careerroadmap", "pk": 2, "fields": {"career": 2, "timeline_months": 12, "steps": [{"step": 1, "title": "Math & Stats Foundation", "duration_months": 3, "description": "Strengthen math skills"}, {"step": 2, "title": "Learn Python & Libraries", "duration_months": 3, "description": "Pandas, NumPy, Scikit-learn"}, {"step": 3, "title": "Build ML Models", "duration_months": 6, "description": "Create predictive models"}, {"step": 4, "title": "Data Portfolio", "duration_months": 6, "description": "Kaggle competitions and projects"}, {"step": 5, "title": "Senior Data Scientist", "duration_months": 20, "description": "Lead DS initiatives"}], "estimated_cost": null, "resources": [], "success_tips": []}}, {"model": "quiz.careerroadmap", "pk": 3, "fields": {"career": 3, "timeline_months": 12, "steps": [{"step": 1, "title": "Business Fundamentals", "duration_months": 3, "description": "Learn product principles"}, {"step": 2, "title": "Associate PM Role", "duration_months": 6, "description": "First PM position"}, {"step": 3, "title": "Product Strategy", "duration_months": 6, "description": "Build strategic thinking"}, {"step": 4, "title": "Lead Product Team", "duration_months": 12, "description": "Manage PM team"}, {"step": 5, "title": "Head of Product", "duration_months": 24, "description": "Executive product role"}], "estimated_cost": null, "resources": [], "success_tips": []}}, {"model": "quiz.careerroadmap", "pk": 4, "fields": {"career": 6, "timeline_months": 12, "steps": [{"step": 1, "title": "Linux & Networking", "duration_months": 2, "description": "OS and network basics"}, {"step": 2, "title": "Container Technology", "duration_months": 3, "description": "Docker and Kubernetes"}, {"step": 3, "title": "Cloud Platforms", "duration_months": 3, "description": "AWS/GCP/Azure"}, {"step": 4, "title": "CI/CD Pipelines", "duration_months": 4, "description": "Jenkins, GitLab CI"}, {"step": 5, "title": "Senior DevOps", "duration_months": 18, "description": "Infrastructure leadership"}], "estimated_cost": null, "resources": [], "success_tips": []}}, {"model": "quiz.careerroadmap", "pk": 5, "fields": {"career": 4, "timeline_months": 12, "steps": [{"step": 1, "title": "Design Fundamentals", "duration_months": 2, "description": "Design principles and theory"}, {"step": 2, "title": "Design Tools", "duration_months": 2, "description": "Figma, Adobe XD mastery"}, {"step": 3, "title": "Build Portfolio", "duration_months": 6, "description": "Real-world design projects"}, {"step": 4, "title": "UX Research", "duration_months": 3, "description": "User research and testing"}, {"step": 5, "title": "Design Leadership", "duration_months": 20, "description": "Lead design team"}], "estimated_cost": null, "resources": [], "success_tips": []}}, {"model": "quiz.careerroadmap", "pk": 6, "fields": {"career": 5, "timeline_months": 12, "steps": [{"step": 1, "title": "Business Essentials", "duration_months": 2, "description": "Business domain knowledge"}, {"step": 2, "title": "Analytics Tools", "duration_months": 3, "description": "SQL, Tableau, Excel"}, {"step": 3, "title": "Stakeholder Management", "duration_months": 6, "description": "Requirements gathering"}, {"step": 4, "title": "Strategic Analysis", "duration_months": 6, "description": "Drive business strategy"}, {"step": 5, "title": "Senior BA/Manager", "duration_months": 18, "description": "Management position"}], "estimated_cost": null, "resources": [], "success_tips": []}}, {"model": "quiz.careerroadmap", "pk": 7, "fields": {"career": 9, "timeline_months": 12, "steps": [{"step": 1, "title": "ML Foundations", "duration_months": 4, "description": "Algorithms and theory"}, {"step": 2, "title": "Deep Learning", "duration_months": 3, "description": "Neural networks and TensorFlow"}, {"step": 3, "title": "Production ML", "duration_months": 6, "description": "MLOps and deployment"}, {"step": 4, "title": "Specialize", "duration_months": 6, "description": "NLP, CV, or RL specialization"}, {"step": 5, "title": "ML Leadership", "duration_months": 18, "description": "Lead ML research/teams"}], "estimated_cost": null, "resources": [], "success_tips": []}}, {"model": "quiz.careerroadmap", "pk": 8, "fields": {"career": 8, "timeline_months": 12, "steps": [{"step": 1, "title": "Content Fundamentals", "duration_months": 2, "description": "Writing and storytelling"}, {"step": 2, "title": "SEO Mastery", "duration_months": 3, "description": "Search and content optimization"}, {"step": 3, "title": "Content Tools", "duration_months": 2, "description": "CMS, analytics platforms"}, {"step": 4, "title": "Strategy Development", "duration_months": 6, "description": "Content strategy creation"}, {"step": 5, "title": "Content Director", "duration_months": 18, "description": "Lead content team"}], "estimated_cost": null, "resources": [], "success_tips": []}}, {"model": "quiz.forumcategory", "pk": 1, "fields": {"name": "Career Guidance", "description": "Get advice on career paths, transitions, and growth", "icon": "🚀"}}, {"model": "quiz.forumcategory", "pk": 2, "fields": {"name": "Skill Development", "description": "Discuss learning resources, courses, and skill-building tips", "icon": "💡"}}, {"model": "quiz.forumcategory", "pk": 3, "fields": {"name": "Job Search & Interviews", "description": "Share interview experiences and job hunting strategies", "icon": "💼"}}, {"model": "quiz.forumcategory", "pk": 4, "fields": {"name": "Mentorship & Networking", "description": "Connect with mentors and build professional relationships", "icon": "🤝"}}, {"model": "quiz.forumcategory", "pk": 5, "fields": {"name": "Industry Insights", "description": "Discuss industry trends, news, and market opportunities", "icon": "📊"}}, {"model": "quiz.forumcategory", "pk": 6, "fields": {"name": "Success Stories", "description": "Share and celebrate career success and achievements", "icon": "⭐"}}, {"model": "quiz.forumcategory", "pk": 7, "fields": {"name": "Questions & Answers", "description": "General Q&A about careers and skill development", "icon": "❓"}}, {"model": "quiz.forumcategory", "pk": 8, "fields": {"name": "Introductions", "description": "Introduce yourself and connect with the community", "icon": "👋"}}, {"model": "quiz.forumpost", "pk": 3, "fields": {"author": 3, "category": 1, "career": null, "title": "TRIAL", "content": "hello", "views": 8, "upvotes": 0, "is_closed": false, "closed_by": null, "closed_at": null, "close_reason": "", "created_at": "2026-04-10T20:04:51.316Z", "updated_at": "2026-04-10T20:04:51.316Z"}}, {"model": "quiz.forumpost", "pk": 4, "fields": {"author": 2, "category": 7, "career": null, "title": "doubts", "content": "i have A doubt", "views": 6, "upvotes": 0, "is_closed": false, "closed_by": null, "closed_at": null, "close_reason": "", "created_at": "2026-04-11T04:42:54.124Z", "updated_at": "2026-04-11T04:42:54.124Z"}}, {"model": "quiz.forumpost", "pk": 5, "fields": {"author": 2, "category": 7, "career": null, "title": "doubt", "content": "question", "views": 1, "upvotes": 0, "is_closed": false, "closed_by": null, "closed_at": null, "close_reason": "", "created_at": "2026-04-11T05:33:11.996Z", "updated_at": "2026-04-11T05:33:11.996Z"}}, {"model": "quiz.forumreply", "pk": 2, "fields": {"post": 3, "author": 8, "content": "Hey", "upvotes": 0, "is_solution": false, "created_at": "2026-04-10T20:05:23.225Z", "updated_at": "2026-04-10T20:05:23.225Z"}}, {"model": "quiz.forumreply", "pk": 3, "fields": {"post": 3, "author": 2, "content": "working succesfully", "upvotes": 0, "is_solution": false, "created_at": "2026-04-10T20:06:07.897Z", "updated_at": "2026-04-10T20:06:07.897Z"}}, {"model": "quiz.forumreply", "pk": 5, "fields": {"post": 4, "author": 8, "content": "what is you doubt ?", "upvotes": 0, "is_solution": false, "created_at": "2026-04-11T04:43:23.374Z", "updated_at": "2026-04-11T04:43:23.374Z"}}, {"model": "quiz.forumreply", "pk": 6, "fields": {"post": 4, "author": 6, "content": "nice doubt", "upvotes": 0, "is_solution": false, "created_at": "2026-04-11T04:43:55.516Z", "updated_at": "2026-04-11T04:43:55.517Z"}}, {"model": "quiz.loginattempt", "pk": 1, "fields": {"username": "Shivansh Phadtare", "ip_address": "127.0.0.1", "success": false, "timestamp": "2026-03-24T13:10:38.890Z", "reason": "Invalid username or password"}}, {"model": "quiz.loginattempt", "pk": 2, "fields": {"username": "Shivansh Phadtare", "ip_address": "127.0.0.1", "success": false, "timestamp": "2026-03-24T13:10:49.341Z", "reason": "Invalid username or password"}}, {"model": "quiz.loginattempt", "pk": 3, "fields": {"username": "Shivansh Phadtare", "ip_address": "127.0.0.1", "success": false, "timestamp": "2026-03-24T13:10:59.755Z", "reason": "Invalid username or password"}}, {"model": "quiz.loginattempt", "pk": 4, "fields": {"username": "ShivanshPhadtare", "ip_address": "127.0.0.1", "success": true, "timestamp": "2026-03-24T13:37:58.417Z", "reason": "Successful login"}}, {"model": "quiz.loginattempt", "pk": 5, "fields": {"username": "ShivanshPhadtare", "ip_address": "127.0.0.1", "success": true, "timestamp": "2026-03-24T13:39:34.239Z", "reason": "Successful login"}}, {"model": "quiz.loginattempt", "pk": 6, "fields": {"username": "ShivanshPhadtare", "ip_address": "127.0.0.1", "success": true, "timestamp": "2026-03-24T13:45:16.386Z", "reason": "Successful login"}}, {"model": "quiz.loginattempt", "pk": 7, "fields": {"username": "ShivanshPhadtare", "ip_address": "127.0.0.1", "success": true, "timestamp": "2026-03-24T13:57:20.439Z", "reason": "Successful login"}}, {"model": "quiz.loginattempt", "pk": 8, "fields": {"username": "ShivanshPhadtare", "ip_address": "127.0.0.1", "success": true, "timestamp": "2026-03-24T14:16:11.729Z", "reason": "Successful login"}}, {"model": "quiz.loginattempt", "pk": 9, "fields": {"username": "ShivanshPhadtare", "ip_address": "127.0.0.1", "success": true, "timestamp": "2026-03-24T14:17:53.115Z", "reason": "Successful login"}}, {"model": "quiz.loginattempt", "pk": 10, "fields": {"username": "Shivansh", "ip_address": "127.0.0.1", "success": true, "timestamp": "2026-03-24T14:19:45.919Z", "reason": "Successful login"}}, {"model": "quiz.loginattempt", "pk": 11, "fields": {"username": "Shivansh Phadtare", "ip_address": "127.0.0.1", "success": false, "timestamp": "2026-03-24T14:19:59.536Z", "reason": "Invalid username or password"}}, {"model": "quiz.loginattempt", "pk": 12, "fields": {"username": "Shivansh Phadtare", "ip_address": "127.0.0.1", "success": false, "timestamp": "2026-03-24T14:20:09.438Z", "reason": "Invalid username or password"}}, {"model": "quiz.loginattempt", "pk": 13, "fields": {"username": "Shivansh Phadtare", "ip_address": "127.0.0.1", "success": false, "timestamp": "2026-03-24T14:20:10.206Z", "reason": "Invalid username or password"}}, {"model": "quiz.loginattempt", "pk": 14, "fields": {"username": "Shivansh Phadtare", "ip_address": "127.0.0.1", "success": false, "timestamp": "2026-03-24T14:20:11.934Z", "reason": "Invalid username or password"}}, {"model": "quiz.loginattempt", "pk": 15, "fields": {"username": "ShivanshPhadtare", "ip_address": "127.0.0.1", "success": true, "timestamp": "2026-03-24T14:20:15.059Z", "reason": "Successful login"}}, {"model": "quiz.loginattempt", "pk": 16, "fields": {"username": "ShivanshPhadtare", "ip_address": "127.0.0.1", "success": true, "timestamp": "2026-03-24T14:53:09.438Z", "reason": "Successful login"}}, {"model": "quiz.loginattempt", "pk": 17, "fields": {"username": "ShivanshPhadtare", "ip_address": "127.0.0.1", "success": true, "timestamp": "2026-03-24T15:15:52.427Z", "reason": "Successful login"}}, {"model": "quiz.loginattempt", "pk": 18, "fields": {"username": "ShivanshPhadtare", "ip_address": "127.0.0.1", "success": true, "timestamp": "2026-03-24T15:17:13.934Z", "reason": "Successful login"}}, {"model": "quiz.loginattempt", "pk": 19, "fields": {"username": "ShivanshPhadtare", "ip_address": "127.0.0.1", "success": true, "timestamp": "2026-03-24T15:37:26.772Z", "reason": "Successful login"}}, {"model": "quiz.loginattempt", "pk": 20, "fields": {"username": "ShivanshPhadtare", "ip_address": "127.0.0.1", "success": true, "timestamp": "2026-03-27T03:55:22.650Z", "reason": "Successful login"}}, {"model": "quiz.loginattempt", "pk": 21, "fields": {"username": "Shivansh", "ip_address": "127.0.0.1", "success": true, "timestamp": "2026-04-07T15:47:04.896Z", "reason": "Successful login"}}, {"model": "quiz.loginattempt", "pk": 22, "fields": {"username": "Shivansh", "ip_address": "127.0.0.1", "success": true, "timestamp": "2026-04-07T21:15:45.671Z", "reason": "Successful login"}}, {"model": "quiz.loginattempt", "pk": 23, "fields": {"username": "Shivansh Phadtare", "ip_address": "127.0.0.1", "success": false, "timestamp": "2026-04-10T01:52:06.165Z", "reason": "Invalid username or password"}}, {"model": "quiz.loginattempt", "pk": 24, "fields": {"username": "ShivanshPhadtare", "ip_address": "127.0.0.1", "success": true, "timestamp": "2026-04-10T01:52:14.628Z", "reason": "Successful login"}}, {"model": "quiz.loginattempt", "pk": 25, "fields": {"username": "ShivanshPhadtare", "ip_address": "127.0.0.1", "success": true, "timestamp": "2026-04-10T03:03:17.128Z", "reason": "Successful login"}}, {"model": "quiz.loginattempt", "pk": 26, "fields": {"username": "ShivanshPhadtare", "ip_address": "127.0.0.1", "success": true, "timestamp": "2026-04-10T04:12:51.296Z", "reason": "Successful login"}}, {"model": "quiz.loginattempt", "pk": 27, "fields": {"username": "ShivanshPhadtare", "ip_address": "127.0.0.1", "success": true, "timestamp": "2026-04-10T05:01:38.944Z", "reason": "Successful login"}}, {"model": "quiz.loginattempt", "pk": 28, "fields": {"username": "OmDeshmukh", "ip_address": "127.0.0.1", "success": true, "timestamp": "2026-04-10T06:22:47.771Z", "reason": "Successful login"}}, {"model": "quiz.loginattempt", "pk": 29, "fields": {"username": "Shivansh", "ip_address": "127.0.0.1", "success": true, "timestamp": "2026-04-10T06:45:15.167Z", "reason": "Successful login"}}, {"model": "quiz.loginattempt", "pk": 30, "fields": {"username": "Shivansh", "ip_address": "127.0.0.1", "success": true, "timestamp": "2026-04-10T08:58:32.245Z", "reason": "Successful login"}}, {"model": "quiz.loginattempt", "pk": 31, "fields": {"username": "Shivansh", "ip_address": "127.0.0.1", "success": true, "timestamp": "2026-04-10T09:30:41.293Z", "reason": "Successful login"}}, {"model": "quiz.loginattempt", "pk": 32, "fields": {"username": "Shivansh", "ip_address": "127.0.0.1", "success": true, "timestamp": "2026-04-10T11:03:19.822Z", "reason": "Successful login"}}, {"model": "quiz.loginattempt", "pk": 33, "fields": {"username": "Shivansh", "ip_address": "127.0.0.1", "success": true, "timestamp": "2026-04-10T14:13:36.047Z", "reason": "Successful login"}}, {"model": "quiz.loginattempt", "pk": 34, "fields": {"username": "Shivansh", "ip_address": "127.0.0.1", "success": true, "timestamp": "2026-04-10T17:08:23.639Z", "reason": "Successful login"}}, {"model": "quiz.loginattempt", "pk": 35, "fields": {"username": "Shivansh", "ip_address": "127.0.0.1", "success": true, "timestamp": "2026-04-10T17:08:25.072Z", "reason": "Successful login"}}, {"model": "quiz.loginattempt", "pk": 36, "fields": {"username": "Shivansh", "ip_address": "127.0.0.1", "success": true, "timestamp": "2026-04-10T17:26:02.420Z", "reason": "Successful login"}}, {"model": "quiz.loginattempt", "pk": 37, "fields": {"username": "Bhoomi ", "ip_address": "127.0.0.1", "success": false, "timestamp": "2026-04-10T17:27:50.465Z", "reason": "Invalid username or password"}}, {"model": "quiz.loginattempt", "pk": 38, "fields": {"username": "Bhoomi", "ip_address": "127.0.0.1", "success": true, "timestamp": "2026-04-10T17:28:48.085Z", "reason": "Successful login"}}, {"model": "quiz.loginattempt", "pk": 39, "fields": {"username": "Bhoomi", "ip_address": "127.0.0.1", "success": true, "timestamp": "2026-04-10T18:10:55.295Z", "reason": "Successful login"}}, {"model": "quiz.loginattempt", "pk": 40, "fields": {"username": "Bhoomi", "ip_address": "127.0.0.1", "success": true, "timestamp": "2026-04-10T18:46:23.737Z", "reason": "Successful login"}}, {"model": "quiz.loginattempt", "pk": 41, "fields": {"username": "Bhoomi", "ip_address": "127.0.0.1", "success": true, "timestamp": "2026-04-10T19:26:15.385Z", "reason": "Successful login"}}, {"model": "quiz.loginattempt", "pk": 42, "fields": {"username": "Bhoomi", "ip_address": "127.0.0.1", "success": true, "timestamp": "2026-04-10T19:33:30.744Z", "reason": "Successful login"}}, {"model": "quiz.loginattempt", "pk": 43, "fields": {"username": "OmDeshmukh", "ip_address": "127.0.0.1", "success": true, "timestamp": "2026-04-10T20:01:01.312Z", "reason": "Successful login"}}, {"model": "quiz.loginattempt", "pk": 44, "fields": {"username": "ShivanshPhadtare", "ip_address": "127.0.0.1", "success": true, "timestamp": "2026-04-10T20:01:25.686Z", "reason": "Successful login"}}, {"model": "quiz.loginattempt", "pk": 45, "fields": {"username": "ShivanshPhadtare", "ip_address": "127.0.0.1", "success": true, "timestamp": "2026-04-10T20:03:27.451Z", "reason": "Successful login"}}, {"model": "quiz.loginattempt", "pk": 46, "fields": {"username": "Bhoomi", "ip_address": "127.0.0.1", "success": true, "timestamp": "2026-04-10T20:05:03.286Z", "reason": "Successful login"}}, {"model": "quiz.loginattempt", "pk": 47, "fields": {"username": "Shivansh", "ip_address": "127.0.0.1", "success": true, "timestamp": "2026-04-10T20:05:40.594Z", "reason": "Successful login"}}, {"model": "quiz.loginattempt", "pk": 48, "fields": {"username": "Shivansh", "ip_address": "127.0.0.1", "success": true, "timestamp": "2026-04-11T03:19:41.153Z", "reason": "Successful login"}}, {"model": "quiz.loginattempt", "pk": 49, "fields": {"username": "Shivansh", "ip_address": "127.0.0.1", "success": true, "timestamp": "2026-04-11T04:39:13.331Z", "reason": "Successful login"}}, {"model": "quiz.loginattempt", "pk": 50, "fields": {"username": "Bhoomi", "ip_address": "127.0.0.1", "success": true, "timestamp": "2026-04-11T04:43:08.515Z", "reason": "Successful login"}}, {"model": "quiz.loginattempt", "pk": 51, "fields": {"username": "OmDeshmukh", "ip_address": "127.0.0.1", "success": true, "timestamp": "2026-04-11T04:43:34.810Z", "reason": "Successful login"}}, {"model": "quiz.loginattempt", "pk": 52, "fields": {"username": "Shivansh", "ip_address": "127.0.0.1", "success": true, "timestamp": "2026-04-11T05:06:32.454Z", "reason": "Successful login"}}, {"model": "quiz.loginattempt", "pk": 53, "fields": {"username": "Shivansh", "ip_address": "127.0.0.1", "success": true, "timestamp": "2026-04-11T05:30:05.746Z", "reason": "Successful login"}}, {"model": "quiz.loginattempt", "pk": 54, "fields": {"username": "Shivansh", "ip_address": "127.0.0.1", "success": true, "timestamp": "2026-04-11T08:06:18.236Z", "reason": "Successful login"}}]