PRAGMA foreign_keys=OFF;
BEGIN TRANSACTION;
CREATE TABLE IF NOT EXISTS "django_migrations" ("id" integer NOT NULL PRIMARY KEY AUTOINCREMENT, "app" varchar(255) NOT NULL, "name" varchar(255) NOT NULL, "applied" datetime NOT NULL);
INSERT INTO django_migrations VALUES(1,'contenttypes','0001_initial','2026-03-24 12:45:50.900327');
INSERT INTO django_migrations VALUES(2,'auth','0001_initial','2026-03-24 12:45:50.927282');
INSERT INTO django_migrations VALUES(3,'admin','0001_initial','2026-03-24 12:45:50.939655');
INSERT INTO django_migrations VALUES(4,'admin','0002_logentry_remove_auto_add','2026-03-24 12:45:50.955701');
INSERT INTO django_migrations VALUES(5,'admin','0003_logentry_add_action_flag_choices','2026-03-24 12:45:50.964705');
INSERT INTO django_migrations VALUES(6,'contenttypes','0002_remove_content_type_name','2026-03-24 12:45:50.987222');
INSERT INTO django_migrations VALUES(7,'auth','0002_alter_permission_name_max_length','2026-03-24 12:45:50.998735');
INSERT INTO django_migrations VALUES(8,'auth','0003_alter_user_email_max_length','2026-03-24 12:45:51.013132');
INSERT INTO django_migrations VALUES(9,'auth','0004_alter_user_username_opts','2026-03-24 12:45:51.022160');
INSERT INTO django_migrations VALUES(10,'auth','0005_alter_user_last_login_null','2026-03-24 12:45:51.034232');
INSERT INTO django_migrations VALUES(11,'auth','0006_require_contenttypes_0002','2026-03-24 12:45:51.036716');
INSERT INTO django_migrations VALUES(12,'auth','0007_alter_validators_add_error_messages','2026-03-24 12:45:51.047152');
INSERT INTO django_migrations VALUES(13,'auth','0008_alter_user_username_max_length','2026-03-24 12:45:51.065734');
INSERT INTO django_migrations VALUES(14,'auth','0009_alter_user_last_name_max_length','2026-03-24 12:45:51.082843');
INSERT INTO django_migrations VALUES(15,'auth','0010_alter_group_name_max_length','2026-03-24 12:45:51.102736');
INSERT INTO django_migrations VALUES(16,'auth','0011_update_proxy_permissions','2026-03-24 12:45:51.112439');
INSERT INTO django_migrations VALUES(17,'auth','0012_alter_user_first_name_max_length','2026-03-24 12:45:51.126446');
INSERT INTO django_migrations VALUES(18,'quiz','0001_initial','2026-03-24 12:45:51.635987');
INSERT INTO django_migrations VALUES(19,'sessions','0001_initial','2026-03-24 12:45:51.641090');
INSERT INTO django_migrations VALUES(20,'quiz','0002_learninggoal_usercareergoal_learningprogress_and_more','2026-04-10 04:42:32.287193');
INSERT INTO django_migrations VALUES(21,'quiz','0003_forumpost_discussion_closure','2026-04-10 05:55:47.976693');
CREATE TABLE IF NOT EXISTS "auth_group_permissions" ("id" integer NOT NULL PRIMARY KEY AUTOINCREMENT, "group_id" integer NOT NULL REFERENCES "auth_group" ("id") DEFERRABLE INITIALLY DEFERRED, "permission_id" integer NOT NULL REFERENCES "auth_permission" ("id") DEFERRABLE INITIALLY DEFERRED);
CREATE TABLE IF NOT EXISTS "auth_user_groups" ("id" integer NOT NULL PRIMARY KEY AUTOINCREMENT, "user_id" integer NOT NULL REFERENCES "auth_user" ("id") DEFERRABLE INITIALLY DEFERRED, "group_id" integer NOT NULL REFERENCES "auth_group" ("id") DEFERRABLE INITIALLY DEFERRED);
CREATE TABLE IF NOT EXISTS "auth_user_user_permissions" ("id" integer NOT NULL PRIMARY KEY AUTOINCREMENT, "user_id" integer NOT NULL REFERENCES "auth_user" ("id") DEFERRABLE INITIALLY DEFERRED, "permission_id" integer NOT NULL REFERENCES "auth_permission" ("id") DEFERRABLE INITIALLY DEFERRED);
CREATE TABLE IF NOT EXISTS "django_admin_log" ("id" integer NOT NULL PRIMARY KEY AUTOINCREMENT, "object_id" text NULL, "object_repr" varchar(200) NOT NULL, "action_flag" smallint unsigned NOT NULL CHECK ("action_flag" >= 0), "change_message" text NOT NULL, "content_type_id" integer NULL REFERENCES "django_content_type" ("id") DEFERRABLE INITIALLY DEFERRED, "user_id" integer NOT NULL REFERENCES "auth_user" ("id") DEFERRABLE INITIALLY DEFERRED, "action_time" datetime NOT NULL);
INSERT INTO django_admin_log VALUES(1,'3','ShivanshPhadtare',1,'[{"added": {}}]',4,2,'2026-03-24 13:36:59.996143');
INSERT INTO django_admin_log VALUES(2,'3','ShivanshPhadtare',2,'[{"changed": {"fields": ["First name", "Last name", "Email address"]}}]',4,2,'2026-03-24 13:37:28.325072');
INSERT INTO django_admin_log VALUES(3,'1','Assessment 58bdeedb-4bd3-4865-a74a-4d893596699a - Investigative (2026-03-24)',3,'',8,2,'2026-03-27 03:56:54.463532');
INSERT INTO django_admin_log VALUES(4,'9','Assessment 45067822-569a-4418-b14f-5c0ee06c40d8 - Investigative (2026-04-10)',3,'',8,2,'2026-04-10 02:07:21.809503');
INSERT INTO django_admin_log VALUES(5,'8','Assessment c61f3b05-9dda-4b13-94b1-feacea38da0a - Investigative (2026-04-07)',3,'',8,2,'2026-04-10 02:07:21.813268');
INSERT INTO django_admin_log VALUES(6,'7','Assessment 27ba5e26-3ddd-4849-b219-3d72ebb641a9 - Conventional (2026-04-07)',3,'',8,2,'2026-04-10 02:07:21.817605');
INSERT INTO django_admin_log VALUES(7,'6','Assessment bed79fb6-81d6-4ccb-b7c5-ae6177cf1f5e - Conventional (2026-03-24)',3,'',8,2,'2026-04-10 02:07:21.819102');
INSERT INTO django_admin_log VALUES(8,'5','Assessment b72612df-1edc-4445-9c81-8370bc4d315d - Conventional (2026-03-24)',3,'',8,2,'2026-04-10 02:07:21.820835');
INSERT INTO django_admin_log VALUES(9,'4','Assessment cff83b23-03e8-4649-bf71-d5cc4f3770d5 - Investigative (2026-03-24)',3,'',8,2,'2026-04-10 02:07:21.824513');
INSERT INTO django_admin_log VALUES(10,'3','Assessment 3e741ac3-b27f-465c-9e1a-2e146a428ff9 - Conventional (2026-03-24)',3,'',8,2,'2026-04-10 02:07:21.825970');
INSERT INTO django_admin_log VALUES(11,'2','Assessment 0c36cffe-ecdf-4410-abf4-e14180e4b917 - Artistic (2026-03-24)',3,'',8,2,'2026-04-10 02:07:21.827367');
INSERT INTO django_admin_log VALUES(12,'5','testuser_149a9f',3,'',4,2,'2026-04-10 05:09:48.817538');
INSERT INTO django_admin_log VALUES(13,'4','testuser_2',3,'',4,2,'2026-04-10 05:09:48.820477');
INSERT INTO django_admin_log VALUES(14,'13','Assessment 8d0ab336-ea23-4d57-ac51-d39344ae871d - Conventional (2026-04-10)',3,'',8,2,'2026-04-10 14:23:15.516210');
CREATE TABLE IF NOT EXISTS "django_content_type" ("id" integer NOT NULL PRIMARY KEY AUTOINCREMENT, "app_label" varchar(100) NOT NULL, "model" varchar(100) NOT NULL);
INSERT INTO django_content_type VALUES(1,'admin','logentry');
INSERT INTO django_content_type VALUES(2,'auth','permission');
INSERT INTO django_content_type VALUES(3,'auth','group');
INSERT INTO django_content_type VALUES(4,'auth','user');
INSERT INTO django_content_type VALUES(5,'contenttypes','contenttype');
INSERT INTO django_content_type VALUES(6,'sessions','session');
INSERT INTO django_content_type VALUES(7,'quiz','analyticsevent');
INSERT INTO django_content_type VALUES(8,'quiz','assessment');
INSERT INTO django_content_type VALUES(9,'quiz','career');
INSERT INTO django_content_type VALUES(10,'quiz','careerbookmark');
INSERT INTO django_content_type VALUES(11,'quiz','careerroadmap');
INSERT INTO django_content_type VALUES(12,'quiz','forumcategory');
INSERT INTO django_content_type VALUES(13,'quiz','forumpost');
INSERT INTO django_content_type VALUES(14,'quiz','forumreply');
INSERT INTO django_content_type VALUES(15,'quiz','joblisting');
INSERT INTO django_content_type VALUES(16,'quiz','loginattempt');
INSERT INTO django_content_type VALUES(17,'quiz','mentor');
INSERT INTO django_content_type VALUES(18,'quiz','skill');
INSERT INTO django_content_type VALUES(19,'quiz','usersuccessstory');
INSERT INTO django_content_type VALUES(20,'quiz','userskill');
INSERT INTO django_content_type VALUES(21,'quiz','userprofile');
INSERT INTO django_content_type VALUES(22,'quiz','mentorrequest');
INSERT INTO django_content_type VALUES(23,'quiz','learningprogress');
INSERT INTO django_content_type VALUES(24,'quiz','usercareergoal');
INSERT INTO django_content_type VALUES(25,'quiz','careerpivotanalysis');
INSERT INTO django_content_type VALUES(26,'quiz','learninggoal');
CREATE TABLE IF NOT EXISTS "auth_permission" ("id" integer NOT NULL PRIMARY KEY AUTOINCREMENT, "content_type_id" integer NOT NULL REFERENCES "django_content_type" ("id") DEFERRABLE INITIALLY DEFERRED, "codename" varchar(100) NOT NULL, "name" varchar(255) NOT NULL);
INSERT INTO auth_permission VALUES(1,1,'add_logentry','Can add log entry');
INSERT INTO auth_permission VALUES(2,1,'change_logentry','Can change log entry');
INSERT INTO auth_permission VALUES(3,1,'delete_logentry','Can delete log entry');
INSERT INTO auth_permission VALUES(4,1,'view_logentry','Can view log entry');
INSERT INTO auth_permission VALUES(5,2,'add_permission','Can add permission');
INSERT INTO auth_permission VALUES(6,2,'change_permission','Can change permission');
INSERT INTO auth_permission VALUES(7,2,'delete_permission','Can delete permission');
INSERT INTO auth_permission VALUES(8,2,'view_permission','Can view permission');
INSERT INTO auth_permission VALUES(9,3,'add_group','Can add group');
INSERT INTO auth_permission VALUES(10,3,'change_group','Can change group');
INSERT INTO auth_permission VALUES(11,3,'delete_group','Can delete group');
INSERT INTO auth_permission VALUES(12,3,'view_group','Can view group');
INSERT INTO auth_permission VALUES(13,4,'add_user','Can add user');
INSERT INTO auth_permission VALUES(14,4,'change_user','Can change user');
INSERT INTO auth_permission VALUES(15,4,'delete_user','Can delete user');
INSERT INTO auth_permission VALUES(16,4,'view_user','Can view user');
INSERT INTO auth_permission VALUES(17,5,'add_contenttype','Can add content type');
INSERT INTO auth_permission VALUES(18,5,'change_contenttype','Can change content type');
INSERT INTO auth_permission VALUES(19,5,'delete_contenttype','Can delete content type');
INSERT INTO auth_permission VALUES(20,5,'view_contenttype','Can view content type');
INSERT INTO auth_permission VALUES(21,6,'add_session','Can add session');
INSERT INTO auth_permission VALUES(22,6,'change_session','Can change session');
INSERT INTO auth_permission VALUES(23,6,'delete_session','Can delete session');
INSERT INTO auth_permission VALUES(24,6,'view_session','Can view session');
INSERT INTO auth_permission VALUES(25,7,'add_analyticsevent','Can add analytics event');
INSERT INTO auth_permission VALUES(26,7,'change_analyticsevent','Can change analytics event');
INSERT INTO auth_permission VALUES(27,7,'delete_analyticsevent','Can delete analytics event');
INSERT INTO auth_permission VALUES(28,7,'view_analyticsevent','Can view analytics event');
INSERT INTO auth_permission VALUES(29,8,'add_assessment','Can add assessment');
INSERT INTO auth_permission VALUES(30,8,'change_assessment','Can change assessment');
INSERT INTO auth_permission VALUES(31,8,'delete_assessment','Can delete assessment');
INSERT INTO auth_permission VALUES(32,8,'view_assessment','Can view assessment');
INSERT INTO auth_permission VALUES(33,9,'add_career','Can add career');
INSERT INTO auth_permission VALUES(34,9,'change_career','Can change career');
INSERT INTO auth_permission VALUES(35,9,'delete_career','Can delete career');
INSERT INTO auth_permission VALUES(36,9,'view_career','Can view career');
INSERT INTO auth_permission VALUES(37,10,'add_careerbookmark','Can add career bookmark');
INSERT INTO auth_permission VALUES(38,10,'change_careerbookmark','Can change career bookmark');
INSERT INTO auth_permission VALUES(39,10,'delete_careerbookmark','Can delete career bookmark');
INSERT INTO auth_permission VALUES(40,10,'view_careerbookmark','Can view career bookmark');
INSERT INTO auth_permission VALUES(41,11,'add_careerroadmap','Can add career roadmap');
INSERT INTO auth_permission VALUES(42,11,'change_careerroadmap','Can change career roadmap');
INSERT INTO auth_permission VALUES(43,11,'delete_careerroadmap','Can delete career roadmap');
INSERT INTO auth_permission VALUES(44,11,'view_careerroadmap','Can view career roadmap');
INSERT INTO auth_permission VALUES(45,12,'add_forumcategory','Can add forum category');
INSERT INTO auth_permission VALUES(46,12,'change_forumcategory','Can change forum category');
INSERT INTO auth_permission VALUES(47,12,'delete_forumcategory','Can delete forum category');
INSERT INTO auth_permission VALUES(48,12,'view_forumcategory','Can view forum category');
INSERT INTO auth_permission VALUES(49,13,'add_forumpost','Can add forum post');
INSERT INTO auth_permission VALUES(50,13,'change_forumpost','Can change forum post');
INSERT INTO auth_permission VALUES(51,13,'delete_forumpost','Can delete forum post');
INSERT INTO auth_permission VALUES(52,13,'view_forumpost','Can view forum post');
INSERT INTO auth_permission VALUES(53,14,'add_forumreply','Can add forum reply');
INSERT INTO auth_permission VALUES(54,14,'change_forumreply','Can change forum reply');
INSERT INTO auth_permission VALUES(55,14,'delete_forumreply','Can delete forum reply');
INSERT INTO auth_permission VALUES(56,14,'view_forumreply','Can view forum reply');
INSERT INTO auth_permission VALUES(57,15,'add_joblisting','Can add job listing');
INSERT INTO auth_permission VALUES(58,15,'change_joblisting','Can change job listing');
INSERT INTO auth_permission VALUES(59,15,'delete_joblisting','Can delete job listing');
INSERT INTO auth_permission VALUES(60,15,'view_joblisting','Can view job listing');
INSERT INTO auth_permission VALUES(61,16,'add_loginattempt','Can add login attempt');
INSERT INTO auth_permission VALUES(62,16,'change_loginattempt','Can change login attempt');
INSERT INTO auth_permission VALUES(63,16,'delete_loginattempt','Can delete login attempt');
INSERT INTO auth_permission VALUES(64,16,'view_loginattempt','Can view login attempt');
INSERT INTO auth_permission VALUES(65,17,'add_mentor','Can add mentor');
INSERT INTO auth_permission VALUES(66,17,'change_mentor','Can change mentor');
INSERT INTO auth_permission VALUES(67,17,'delete_mentor','Can delete mentor');
INSERT INTO auth_permission VALUES(68,17,'view_mentor','Can view mentor');
INSERT INTO auth_permission VALUES(69,18,'add_skill','Can add skill');
INSERT INTO auth_permission VALUES(70,18,'change_skill','Can change skill');
INSERT INTO auth_permission VALUES(71,18,'delete_skill','Can delete skill');
INSERT INTO auth_permission VALUES(72,18,'view_skill','Can view skill');
INSERT INTO auth_permission VALUES(73,19,'add_usersuccessstory','Can add user success story');
INSERT INTO auth_permission VALUES(74,19,'change_usersuccessstory','Can change user success story');
INSERT INTO auth_permission VALUES(75,19,'delete_usersuccessstory','Can delete user success story');
INSERT INTO auth_permission VALUES(76,19,'view_usersuccessstory','Can view user success story');
INSERT INTO auth_permission VALUES(77,20,'add_userskill','Can add user skill');
INSERT INTO auth_permission VALUES(78,20,'change_userskill','Can change user skill');
INSERT INTO auth_permission VALUES(79,20,'delete_userskill','Can delete user skill');
INSERT INTO auth_permission VALUES(80,20,'view_userskill','Can view user skill');
INSERT INTO auth_permission VALUES(81,21,'add_userprofile','Can add user profile');
INSERT INTO auth_permission VALUES(82,21,'change_userprofile','Can change user profile');
INSERT INTO auth_permission VALUES(83,21,'delete_userprofile','Can delete user profile');
INSERT INTO auth_permission VALUES(84,21,'view_userprofile','Can view user profile');
INSERT INTO auth_permission VALUES(85,22,'add_mentorrequest','Can add mentor request');
INSERT INTO auth_permission VALUES(86,22,'change_mentorrequest','Can change mentor request');
INSERT INTO auth_permission VALUES(87,22,'delete_mentorrequest','Can delete mentor request');
INSERT INTO auth_permission VALUES(88,22,'view_mentorrequest','Can view mentor request');
INSERT INTO auth_permission VALUES(89,23,'add_learningprogress','Can add learning progress');
INSERT INTO auth_permission VALUES(90,23,'change_learningprogress','Can change learning progress');
INSERT INTO auth_permission VALUES(91,23,'delete_learningprogress','Can delete learning progress');
INSERT INTO auth_permission VALUES(92,23,'view_learningprogress','Can view learning progress');
INSERT INTO auth_permission VALUES(93,24,'add_usercareergoal','Can add user career goal');
INSERT INTO auth_permission VALUES(94,24,'change_usercareergoal','Can change user career goal');
INSERT INTO auth_permission VALUES(95,24,'delete_usercareergoal','Can delete user career goal');
INSERT INTO auth_permission VALUES(96,24,'view_usercareergoal','Can view user career goal');
INSERT INTO auth_permission VALUES(97,25,'add_careerpivotanalysis','Can add career pivot analysis');
INSERT INTO auth_permission VALUES(98,25,'change_careerpivotanalysis','Can change career pivot analysis');
INSERT INTO auth_permission VALUES(99,25,'delete_careerpivotanalysis','Can delete career pivot analysis');
INSERT INTO auth_permission VALUES(100,25,'view_careerpivotanalysis','Can view career pivot analysis');
INSERT INTO auth_permission VALUES(101,26,'add_learninggoal','Can add learning goal');
INSERT INTO auth_permission VALUES(102,26,'change_learninggoal','Can change learning goal');
INSERT INTO auth_permission VALUES(103,26,'delete_learninggoal','Can delete learning goal');
INSERT INTO auth_permission VALUES(104,26,'view_learninggoal','Can view learning goal');
CREATE TABLE IF NOT EXISTS "auth_group" ("id" integer NOT NULL PRIMARY KEY AUTOINCREMENT, "name" varchar(150) NOT NULL UNIQUE);
CREATE TABLE IF NOT EXISTS "auth_user" ("id" integer NOT NULL PRIMARY KEY AUTOINCREMENT, "password" varchar(128) NOT NULL, "last_login" datetime NULL, "is_superuser" bool NOT NULL, "username" varchar(150) NOT NULL UNIQUE, "last_name" varchar(150) NOT NULL, "email" varchar(254) NOT NULL, "is_staff" bool NOT NULL, "is_active" bool NOT NULL, "date_joined" datetime NOT NULL, "first_name" varchar(150) NOT NULL);
INSERT INTO auth_user VALUES(2,'pbkdf2_sha256$600000$X1MfF1UFbHSQOlgln0zPhw$4ip9P15fQJa1T1p8VDA1QrW/TTfZrOiaN4xUXtKMXBA=','2026-04-10 14:25:06.541782',1,'Shivansh','','phadtareshivansh@gmail.com',1,1,'2026-03-24 13:28:20.923477','');
INSERT INTO auth_user VALUES(3,'pbkdf2_sha256$600000$O6zpBbF5MujG2CXyxDZAti$ThSzMCMSFsG8lPuQzv9bvb79LKUZzDSk8scnQQYuqp8=','2026-04-10 05:01:38.943015',0,'ShivanshPhadtare','Phadtare','shivansh.phadtare24@pcu.edu.in',0,1,'2026-03-24 13:36:59','Shivansh');
INSERT INTO auth_user VALUES(6,'pbkdf2_sha256$600000$FIXsFw5yUINPL1VAtYLcyD$1hEW67eEBQtt5aowr/RbJPg8tQKr2W4nPrxnuW9L3o0=','2026-04-10 06:22:47.768831',0,'OmDeshmukh','','om.deshmukh24@pcu.edu.in',0,1,'2026-04-10 05:10:39.193972','');
INSERT INTO auth_user VALUES(7,'pbkdf2_sha256$600000$BoA3HCiTaylOhO6hruRq8C$suTppVGeHtDmQrkrM3E8lICTjLlcSnOLt7WFq1GPp6A=','2026-04-10 14:25:43.914891',0,'Bhoomi ','','codeless112@gmail.com',0,1,'2026-04-10 14:25:43.058710','');
CREATE TABLE IF NOT EXISTS "quiz_analyticsevent" ("id" integer NOT NULL PRIMARY KEY AUTOINCREMENT, "event_type" varchar(50) NOT NULL, "metadata" text NOT NULL CHECK ((JSON_VALID("metadata") OR "metadata" IS NULL)), "timestamp" datetime NOT NULL, "career_id" bigint NULL REFERENCES "quiz_career" ("id") DEFERRABLE INITIALLY DEFERRED, "user_id" integer NULL REFERENCES "auth_user" ("id") DEFERRABLE INITIALLY DEFERRED);
CREATE TABLE IF NOT EXISTS "quiz_assessment" ("id" integer NOT NULL PRIMARY KEY AUTOINCREMENT, "session_id" varchar(100) NOT NULL UNIQUE, "top_category" varchar(20) NOT NULL, "scores" text NOT NULL CHECK ((JSON_VALID("scores") OR "scores" IS NULL)), "results" text NOT NULL CHECK ((JSON_VALID("results") OR "results" IS NULL)), "completed_at" datetime NOT NULL, "user_id" integer NULL REFERENCES "auth_user" ("id") DEFERRABLE INITIALLY DEFERRED);
INSERT INTO quiz_assessment VALUES(10,'7a7af962-cc49-40d5-9f2c-c37231063fa2','Conventional','{"Realistic": 1.3000000000000003, "Investigative": 1.9000000000000001, "Artistic": 1.1500000000000001, "Social": 2.15, "Enterprising": 1.9500000000000002, "Conventional": 2.55}','{"career_pathway": {"primary": "Conventional & Social Career Path", "roles": ["Professional in related field", "Specialist consultant", "Project manager", "Industry coordinator"], "skills": ["Communication", "Problem-solving", "Technical skills", "Leadership", "Continuous learning"], "next_steps": ["Research careers matching your profile", "Connect with professionals in the field", "Take relevant online courses or certifications"]}, "top_3_categories": ["Conventional", "Social", "Enterprising"]}','2026-04-10 03:03:40.999301',3);
INSERT INTO quiz_assessment VALUES(12,'7708bb56-2e68-438d-94d4-aca744ae8585','Conventional','{"Realistic": 1.2000000000000002, "Investigative": 2.15, "Artistic": 2, "Social": 2.0999999999999996, "Enterprising": 2.1, "Conventional": 2.45}','{"career_pathway": {"primary": "Conventional & Investigative Career Path", "roles": ["Professional in related field", "Specialist consultant", "Project manager", "Industry coordinator"], "skills": ["Communication", "Problem-solving", "Technical skills", "Leadership", "Continuous learning"], "next_steps": ["Research careers matching your profile", "Connect with professionals in the field", "Take relevant online courses or certifications"]}, "top_3_categories": ["Conventional", "Investigative", "Enterprising"]}','2026-04-10 05:11:52.887252',6);
INSERT INTO quiz_assessment VALUES(14,'b62b7c7f-702f-42e1-b1bd-6ef22660dadd','Enterprising','{"Realistic": 2.6499999999999995, "Investigative": 2.9499999999999997, "Artistic": 3.05, "Social": 3.0500000000000003, "Enterprising": 3.15, "Conventional": 0.15000000000000002}','{"career_pathway": {"primary": "Enterprising & Social Career Path", "roles": ["Professional in related field", "Specialist consultant", "Project manager", "Industry coordinator"], "skills": ["Communication", "Problem-solving", "Technical skills", "Leadership", "Continuous learning"], "next_steps": ["Research careers matching your profile", "Connect with professionals in the field", "Take relevant online courses or certifications"]}, "top_3_categories": ["Enterprising", "Social", "Artistic"]}','2026-04-10 08:58:55.690166',2);
INSERT INTO quiz_assessment VALUES(15,'f0e8caef-46e9-48c4-9904-0e73db316980','Conventional','{"Realistic": 2.0500000000000003, "Investigative": 0.45, "Artistic": 1.8, "Social": 2.0999999999999996, "Enterprising": 2.05, "Conventional": 2.55}','{"career_pathway": {"primary": "Conventional & Social Career Path", "roles": ["Professional in related field", "Specialist consultant", "Project manager", "Industry coordinator"], "skills": ["Communication", "Problem-solving", "Technical skills", "Leadership", "Continuous learning"], "next_steps": ["Research careers matching your profile", "Connect with professionals in the field", "Take relevant online courses or certifications"]}, "top_3_categories": ["Conventional", "Social", "Realistic"]}','2026-04-10 11:04:12.942333',2);
INSERT INTO quiz_assessment VALUES(16,'fd7debd5-471d-4c56-87da-34f5825dbb7d','Conventional','{"Realistic": 3.05, "Investigative": 3.4499999999999993, "Artistic": 2.9499999999999997, "Social": 3.1, "Enterprising": 3.25, "Conventional": 4.2}','{"career_pathway": {"primary": "Conventional & Investigative Career Path", "roles": ["Professional in related field", "Specialist consultant", "Project manager", "Industry coordinator"], "skills": ["Communication", "Problem-solving", "Technical skills", "Leadership", "Continuous learning"], "next_steps": ["Research careers matching your profile", "Connect with professionals in the field", "Take relevant online courses or certifications"]}, "top_3_categories": ["Conventional", "Investigative", "Enterprising"]}','2026-04-10 14:27:56.544941',7);
CREATE TABLE IF NOT EXISTS "quiz_career" ("id" integer NOT NULL PRIMARY KEY AUTOINCREMENT, "title" varchar(200) NOT NULL UNIQUE, "primary_category" varchar(20) NOT NULL, "secondary_categories" text NOT NULL CHECK ((JSON_VALID("secondary_categories") OR "secondary_categories" IS NULL)), "description" text NOT NULL, "detailed_description" text NOT NULL, "average_salary_min" integer NULL, "average_salary_max" integer NULL, "job_growth_rate" real NULL, "career_outlook" text NOT NULL, "required_education" varchar(200) NOT NULL, "certifications" text NOT NULL CHECK ((JSON_VALID("certifications") OR "certifications" IS NULL)), "typical_companies" text NOT NULL CHECK ((JSON_VALID("typical_companies") OR "typical_companies" IS NULL)), "work_environment" text NOT NULL, "average_rating" real NOT NULL);
INSERT INTO quiz_career VALUES(1,'Software Developer','Investigative','[]','Build and maintain software applications','',NULL,NULL,NULL,'','','[]','[]','',0.0);
INSERT INTO quiz_career VALUES(2,'Data Scientist','Investigative','[]','Analyze data and build machine learning models','',NULL,NULL,NULL,'','','[]','[]','',0.0);
INSERT INTO quiz_career VALUES(3,'Product Manager','Enterprising','[]','Manage product strategy and roadmap','',NULL,NULL,NULL,'','','[]','[]','',0.0);
INSERT INTO quiz_career VALUES(4,'UX/UI Designer','Artistic','[]','Design beautiful and intuitive user interfaces','',NULL,NULL,NULL,'','','[]','[]','',0.0);
INSERT INTO quiz_career VALUES(5,'Business Analyst','Conventional','[]','Analyze business processes and requirements','',NULL,NULL,NULL,'','','[]','[]','',0.0);
INSERT INTO quiz_career VALUES(6,'DevOps Engineer','Realistic','[]','Manage infrastructure and deployments','',NULL,NULL,NULL,'','','[]','[]','',0.0);
INSERT INTO quiz_career VALUES(7,'Sales Manager','Enterprising','[]','Lead sales team and drive revenue','',NULL,NULL,NULL,'','','[]','[]','',0.0);
INSERT INTO quiz_career VALUES(8,'Content Strategist','Artistic','[]','Create and manage content strategy','',NULL,NULL,NULL,'','','[]','[]','',0.0);
INSERT INTO quiz_career VALUES(9,'Machine Learning Engineer','Investigative','[]','Build and deploy ML systems for production','',130000,180000,22.000000000000001776,'','','[]','[]','',0.0);
CREATE TABLE IF NOT EXISTS "quiz_forumcategory" ("id" integer NOT NULL PRIMARY KEY AUTOINCREMENT, "name" varchar(100) NOT NULL UNIQUE, "description" text NOT NULL, "icon" varchar(50) NOT NULL);
CREATE TABLE IF NOT EXISTS "quiz_loginattempt" ("id" integer NOT NULL PRIMARY KEY AUTOINCREMENT, "username" varchar(150) NOT NULL, "ip_address" char(39) NULL, "success" bool NOT NULL, "timestamp" datetime NOT NULL, "reason" varchar(255) NOT NULL);
INSERT INTO quiz_loginattempt VALUES(1,'Shivansh Phadtare','127.0.0.1',0,'2026-03-24 13:10:38.890499','Invalid username or password');
INSERT INTO quiz_loginattempt VALUES(2,'Shivansh Phadtare','127.0.0.1',0,'2026-03-24 13:10:49.341996','Invalid username or password');
INSERT INTO quiz_loginattempt VALUES(3,'Shivansh Phadtare','127.0.0.1',0,'2026-03-24 13:10:59.755116','Invalid username or password');
INSERT INTO quiz_loginattempt VALUES(4,'ShivanshPhadtare','127.0.0.1',1,'2026-03-24 13:37:58.417716','Successful login');
INSERT INTO quiz_loginattempt VALUES(5,'ShivanshPhadtare','127.0.0.1',1,'2026-03-24 13:39:34.239615','Successful login');
INSERT INTO quiz_loginattempt VALUES(6,'ShivanshPhadtare','127.0.0.1',1,'2026-03-24 13:45:16.386010','Successful login');
INSERT INTO quiz_loginattempt VALUES(7,'ShivanshPhadtare','127.0.0.1',1,'2026-03-24 13:57:20.439443','Successful login');
INSERT INTO quiz_loginattempt VALUES(8,'ShivanshPhadtare','127.0.0.1',1,'2026-03-24 14:16:11.729523','Successful login');
INSERT INTO quiz_loginattempt VALUES(9,'ShivanshPhadtare','127.0.0.1',1,'2026-03-24 14:17:53.115297','Successful login');
INSERT INTO quiz_loginattempt VALUES(10,'Shivansh','127.0.0.1',1,'2026-03-24 14:19:45.919645','Successful login');
INSERT INTO quiz_loginattempt VALUES(11,'Shivansh Phadtare','127.0.0.1',0,'2026-03-24 14:19:59.536213','Invalid username or password');
INSERT INTO quiz_loginattempt VALUES(12,'Shivansh Phadtare','127.0.0.1',0,'2026-03-24 14:20:09.438088','Invalid username or password');
INSERT INTO quiz_loginattempt VALUES(13,'Shivansh Phadtare','127.0.0.1',0,'2026-03-24 14:20:10.206646','Invalid username or password');
INSERT INTO quiz_loginattempt VALUES(14,'Shivansh Phadtare','127.0.0.1',0,'2026-03-24 14:20:11.934176','Invalid username or password');
INSERT INTO quiz_loginattempt VALUES(15,'ShivanshPhadtare','127.0.0.1',1,'2026-03-24 14:20:15.059727','Successful login');
INSERT INTO quiz_loginattempt VALUES(16,'ShivanshPhadtare','127.0.0.1',1,'2026-03-24 14:53:09.438163','Successful login');
INSERT INTO quiz_loginattempt VALUES(17,'ShivanshPhadtare','127.0.0.1',1,'2026-03-24 15:15:52.427481','Successful login');
INSERT INTO quiz_loginattempt VALUES(18,'ShivanshPhadtare','127.0.0.1',1,'2026-03-24 15:17:13.934091','Successful login');
INSERT INTO quiz_loginattempt VALUES(19,'ShivanshPhadtare','127.0.0.1',1,'2026-03-24 15:37:26.772077','Successful login');
INSERT INTO quiz_loginattempt VALUES(20,'ShivanshPhadtare','127.0.0.1',1,'2026-03-27 03:55:22.650032','Successful login');
INSERT INTO quiz_loginattempt VALUES(21,'Shivansh','127.0.0.1',1,'2026-04-07 15:47:04.896420','Successful login');
INSERT INTO quiz_loginattempt VALUES(22,'Shivansh','127.0.0.1',1,'2026-04-07 21:15:45.671930','Successful login');
INSERT INTO quiz_loginattempt VALUES(23,'Shivansh Phadtare','127.0.0.1',0,'2026-04-10 01:52:06.165970','Invalid username or password');
INSERT INTO quiz_loginattempt VALUES(24,'ShivanshPhadtare','127.0.0.1',1,'2026-04-10 01:52:14.628313','Successful login');
INSERT INTO quiz_loginattempt VALUES(25,'ShivanshPhadtare','127.0.0.1',1,'2026-04-10 03:03:17.128450','Successful login');
INSERT INTO quiz_loginattempt VALUES(26,'ShivanshPhadtare','127.0.0.1',1,'2026-04-10 04:12:51.296592','Successful login');
INSERT INTO quiz_loginattempt VALUES(27,'ShivanshPhadtare','127.0.0.1',1,'2026-04-10 05:01:38.944903','Successful login');
INSERT INTO quiz_loginattempt VALUES(28,'OmDeshmukh','127.0.0.1',1,'2026-04-10 06:22:47.771602','Successful login');
INSERT INTO quiz_loginattempt VALUES(29,'Shivansh','127.0.0.1',1,'2026-04-10 06:45:15.167617','Successful login');
INSERT INTO quiz_loginattempt VALUES(30,'Shivansh','127.0.0.1',1,'2026-04-10 08:58:32.245441','Successful login');
INSERT INTO quiz_loginattempt VALUES(31,'Shivansh','127.0.0.1',1,'2026-04-10 09:30:41.293560','Successful login');
INSERT INTO quiz_loginattempt VALUES(32,'Shivansh','127.0.0.1',1,'2026-04-10 11:03:19.822110','Successful login');
INSERT INTO quiz_loginattempt VALUES(33,'Shivansh','127.0.0.1',1,'2026-04-10 14:13:36.047575','Successful login');
CREATE TABLE IF NOT EXISTS "quiz_mentor" ("id" integer NOT NULL PRIMARY KEY AUTOINCREMENT, "bio" text NOT NULL, "years_experience" integer NOT NULL, "hourly_rate" integer NULL, "availability" text NOT NULL CHECK ((JSON_VALID("availability") OR "availability" IS NULL)), "average_rating" real NOT NULL, "is_verified" bool NOT NULL, "created_at" datetime NOT NULL, "specialization_id" bigint NULL REFERENCES "quiz_career" ("id") DEFERRABLE INITIALLY DEFERRED, "user_id" integer NOT NULL UNIQUE REFERENCES "auth_user" ("id") DEFERRABLE INITIALLY DEFERRED);
CREATE TABLE IF NOT EXISTS "quiz_skill" ("id" integer NOT NULL PRIMARY KEY AUTOINCREMENT, "name" varchar(100) NOT NULL UNIQUE, "category" varchar(50) NOT NULL, "description" text NOT NULL, "difficulty_level" varchar(20) NOT NULL, "learning_resources" text NOT NULL CHECK ((JSON_VALID("learning_resources") OR "learning_resources" IS NULL)));
INSERT INTO quiz_skill VALUES(1,'Python','Technical','Programming language for data science and backend development','intermediate','["https://www.coursera.org", "https://www.udemy.com", "https://www.linkedin.com/learning"]');
INSERT INTO quiz_skill VALUES(2,'JavaScript','Technical','Frontend and full-stack web development','beginner','["https://www.coursera.org", "https://www.udemy.com", "https://www.linkedin.com/learning"]');
INSERT INTO quiz_skill VALUES(3,'SQL','Technical','Database management and querying','intermediate','["https://www.coursera.org", "https://www.udemy.com", "https://www.linkedin.com/learning"]');
INSERT INTO quiz_skill VALUES(4,'Machine Learning','Technical','AI and predictive modeling','advanced','["https://www.coursera.org", "https://www.udemy.com", "https://www.linkedin.com/learning"]');
INSERT INTO quiz_skill VALUES(5,'Data Analysis','Technical','Data interpretation and business intelligence','intermediate','["https://www.coursera.org", "https://www.udemy.com", "https://www.linkedin.com/learning"]');
INSERT INTO quiz_skill VALUES(6,'Web Development','Technical','Building responsive web applications','intermediate','["https://www.coursera.org", "https://www.udemy.com", "https://www.linkedin.com/learning"]');
INSERT INTO quiz_skill VALUES(7,'Cloud Computing','Technical','AWS, Azure, or GCP experience','intermediate','["https://www.coursera.org", "https://www.udemy.com", "https://www.linkedin.com/learning"]');
INSERT INTO quiz_skill VALUES(8,'DevOps','Technical','CI/CD pipelines and deployment','advanced','["https://www.coursera.org", "https://www.udemy.com", "https://www.linkedin.com/learning"]');
INSERT INTO quiz_skill VALUES(9,'Communication','Soft Skills','Ability to convey ideas clearly','intermediate','["https://www.coursera.org", "https://www.udemy.com", "https://www.linkedin.com/learning"]');
INSERT INTO quiz_skill VALUES(10,'Leadership','Soft Skills','Team management and decision-making','intermediate','["https://www.coursera.org", "https://www.udemy.com", "https://www.linkedin.com/learning"]');
INSERT INTO quiz_skill VALUES(11,'Problem Solving','Soft Skills','Analytical and critical thinking skills','intermediate','["https://www.coursera.org", "https://www.udemy.com", "https://www.linkedin.com/learning"]');
INSERT INTO quiz_skill VALUES(12,'Project Management','Soft Skills','Planning and executing projects','intermediate','["https://www.coursera.org", "https://www.udemy.com", "https://www.linkedin.com/learning"]');
INSERT INTO quiz_skill VALUES(13,'Teamwork','Soft Skills','Collaboration and cooperation','intermediate','["https://www.coursera.org", "https://www.udemy.com", "https://www.linkedin.com/learning"]');
INSERT INTO quiz_skill VALUES(14,'Time Management','Soft Skills','Prioritization and efficiency','beginner','["https://www.coursera.org", "https://www.udemy.com", "https://www.linkedin.com/learning"]');
INSERT INTO quiz_skill VALUES(15,'Negotiation','Soft Skills','Conflict resolution and deal-making','intermediate','["https://www.coursera.org", "https://www.udemy.com", "https://www.linkedin.com/learning"]');
INSERT INTO quiz_skill VALUES(16,'Presentation','Soft Skills','Public speaking and pitch skills','beginner','["https://www.coursera.org", "https://www.udemy.com", "https://www.linkedin.com/learning"]');
INSERT INTO quiz_skill VALUES(17,'Business Analysis','Business Skills','Understanding business processes','intermediate','["https://www.coursera.org", "https://www.udemy.com", "https://www.linkedin.com/learning"]');
INSERT INTO quiz_skill VALUES(18,'Market Research','Business Skills','Competitive analysis and customer insights','intermediate','["https://www.coursera.org", "https://www.udemy.com", "https://www.linkedin.com/learning"]');
INSERT INTO quiz_skill VALUES(19,'Financial Analysis','Business Skills','Budget and financial planning','intermediate','["https://www.coursera.org", "https://www.udemy.com", "https://www.linkedin.com/learning"]');
INSERT INTO quiz_skill VALUES(20,'Strategic Planning','Business Skills','Long-term business strategy','advanced','["https://www.coursera.org", "https://www.udemy.com", "https://www.linkedin.com/learning"]');
INSERT INTO quiz_skill VALUES(21,'Sales','Business Skills','Customer acquisition and revenue generation','intermediate','["https://www.coursera.org", "https://www.udemy.com", "https://www.linkedin.com/learning"]');
INSERT INTO quiz_skill VALUES(22,'Entrepreneurship','Business Skills','Starting and scaling businesses','advanced','["https://www.coursera.org", "https://www.udemy.com", "https://www.linkedin.com/learning"]');
INSERT INTO quiz_skill VALUES(23,'UI/UX Design','Creative Skills','User interface and experience design','beginner','["https://www.coursera.org", "https://www.udemy.com", "https://www.linkedin.com/learning"]');
INSERT INTO quiz_skill VALUES(24,'Graphic Design','Creative Skills','Visual communication and branding','beginner','["https://www.coursera.org", "https://www.udemy.com", "https://www.linkedin.com/learning"]');
INSERT INTO quiz_skill VALUES(25,'Content Writing','Creative Skills','Creating engaging written content','beginner','["https://www.coursera.org", "https://www.udemy.com", "https://www.linkedin.com/learning"]');
INSERT INTO quiz_skill VALUES(26,'Video Production','Creative Skills','Filming and video editing','beginner','["https://www.coursera.org", "https://www.udemy.com", "https://www.linkedin.com/learning"]');
INSERT INTO quiz_skill VALUES(27,'Adaptability','Soft Skills','Flexibility and adaptability','intermediate','{"courses": ["Udemy course on Adaptability", "Coursera specialization in Adaptability"], "books": ["Book on Adaptability"], "tutorials": ["Free tutorials on Adaptability"]}');
INSERT INTO quiz_skill VALUES(28,'Critical Thinking','Soft Skills','Critical thinking skills','intermediate','{"courses": ["Udemy course on Critical Thinking", "Coursera specialization in Critical Thinking"], "books": ["Book on Critical Thinking"], "tutorials": ["Free tutorials on Critical Thinking"]}');
INSERT INTO quiz_skill VALUES(29,'Business Strategy','Business','Strategic planning','intermediate','{"courses": ["Udemy course on Business Strategy", "Coursera specialization in Business Strategy"], "books": ["Book on Business Strategy"], "tutorials": ["Free tutorials on Business Strategy"]}');
INSERT INTO quiz_skill VALUES(30,'Marketing','Business','Marketing and brand strategy','intermediate','{"courses": ["Udemy course on Marketing", "Coursera specialization in Marketing"], "books": ["Book on Marketing"], "tutorials": ["Free tutorials on Marketing"]}');
INSERT INTO quiz_skill VALUES(31,'Creative Thinking','Creative','Innovation and creative ideation','intermediate','{"courses": ["Udemy course on Creative Thinking", "Coursera specialization in Creative Thinking"], "books": ["Book on Creative Thinking"], "tutorials": ["Free tutorials on Creative Thinking"]}');
CREATE TABLE IF NOT EXISTS "quiz_skill_careers" ("id" integer NOT NULL PRIMARY KEY AUTOINCREMENT, "skill_id" bigint NOT NULL REFERENCES "quiz_skill" ("id") DEFERRABLE INITIALLY DEFERRED, "career_id" bigint NOT NULL REFERENCES "quiz_career" ("id") DEFERRABLE INITIALLY DEFERRED);
INSERT INTO quiz_skill_careers VALUES(1,9,1);
INSERT INTO quiz_skill_careers VALUES(2,2,1);
INSERT INTO quiz_skill_careers VALUES(3,11,1);
INSERT INTO quiz_skill_careers VALUES(4,1,1);
INSERT INTO quiz_skill_careers VALUES(5,1,2);
INSERT INTO quiz_skill_careers VALUES(6,3,2);
INSERT INTO quiz_skill_careers VALUES(7,4,2);
INSERT INTO quiz_skill_careers VALUES(8,5,2);
INSERT INTO quiz_skill_careers VALUES(9,11,2);
INSERT INTO quiz_skill_careers VALUES(10,9,3);
INSERT INTO quiz_skill_careers VALUES(11,10,3);
INSERT INTO quiz_skill_careers VALUES(12,12,3);
INSERT INTO quiz_skill_careers VALUES(13,17,3);
INSERT INTO quiz_skill_careers VALUES(14,18,3);
INSERT INTO quiz_skill_careers VALUES(15,24,4);
INSERT INTO quiz_skill_careers VALUES(16,9,4);
INSERT INTO quiz_skill_careers VALUES(17,11,4);
INSERT INTO quiz_skill_careers VALUES(18,23,4);
INSERT INTO quiz_skill_careers VALUES(19,11,5);
INSERT INTO quiz_skill_careers VALUES(20,17,5);
INSERT INTO quiz_skill_careers VALUES(21,19,5);
INSERT INTO quiz_skill_careers VALUES(22,9,5);
INSERT INTO quiz_skill_careers VALUES(23,1,6);
INSERT INTO quiz_skill_careers VALUES(24,7,6);
INSERT INTO quiz_skill_careers VALUES(25,8,6);
INSERT INTO quiz_skill_careers VALUES(26,10,6);
INSERT INTO quiz_skill_careers VALUES(27,11,6);
INSERT INTO quiz_skill_careers VALUES(28,9,7);
INSERT INTO quiz_skill_careers VALUES(29,10,7);
INSERT INTO quiz_skill_careers VALUES(30,12,7);
INSERT INTO quiz_skill_careers VALUES(31,15,7);
INSERT INTO quiz_skill_careers VALUES(32,21,7);
INSERT INTO quiz_skill_careers VALUES(33,9,8);
INSERT INTO quiz_skill_careers VALUES(34,18,8);
INSERT INTO quiz_skill_careers VALUES(35,12,8);
INSERT INTO quiz_skill_careers VALUES(36,25,8);
INSERT INTO quiz_skill_careers VALUES(47,29,3);
INSERT INTO quiz_skill_careers VALUES(54,31,4);
INSERT INTO quiz_skill_careers VALUES(57,29,5);
INSERT INTO quiz_skill_careers VALUES(58,5,5);
INSERT INTO quiz_skill_careers VALUES(60,12,5);
INSERT INTO quiz_skill_careers VALUES(85,4,9);
INSERT INTO quiz_skill_careers VALUES(86,1,9);
INSERT INTO quiz_skill_careers VALUES(87,7,9);
INSERT INTO quiz_skill_careers VALUES(88,8,9);
INSERT INTO quiz_skill_careers VALUES(90,30,8);
INSERT INTO quiz_skill_careers VALUES(92,31,8);
CREATE TABLE IF NOT EXISTS "quiz_usersuccessstory" ("id" integer NOT NULL PRIMARY KEY AUTOINCREMENT, "title" varchar(300) NOT NULL, "story" text NOT NULL, "current_role" varchar(200) NOT NULL, "years_in_career" integer NOT NULL, "challenges_faced" text NOT NULL, "tips_for_others" text NOT NULL, "image" varchar(100) NULL, "featured" bool NOT NULL, "created_at" datetime NOT NULL, "author_id" integer NOT NULL REFERENCES "auth_user" ("id") DEFERRABLE INITIALLY DEFERRED, "career_id" bigint NOT NULL REFERENCES "quiz_career" ("id") DEFERRABLE INITIALLY DEFERRED);
CREATE TABLE IF NOT EXISTS "quiz_userskill" ("id" integer NOT NULL PRIMARY KEY AUTOINCREMENT, "proficiency_level" varchar(20) NOT NULL, "years_of_experience" real NOT NULL, "acquired_at" datetime NOT NULL, "skill_id" bigint NOT NULL REFERENCES "quiz_skill" ("id") DEFERRABLE INITIALLY DEFERRED, "user_id" integer NOT NULL REFERENCES "auth_user" ("id") DEFERRABLE INITIALLY DEFERRED);
INSERT INTO quiz_userskill VALUES(1,'beginner',0.0,'2026-04-10 04:17:36.377922',9,3);
INSERT INTO quiz_userskill VALUES(10,'intermediate',0.0,'2026-04-10 04:29:56.317602',11,3);
INSERT INTO quiz_userskill VALUES(11,'beginner',0.0,'2026-04-10 05:15:03.430342',12,6);
INSERT INTO quiz_userskill VALUES(12,'intermediate',0.0,'2026-04-10 05:18:20.647234',29,2);
INSERT INTO quiz_userskill VALUES(13,'advanced',0.0,'2026-04-10 11:58:04.204104',30,2);
CREATE TABLE IF NOT EXISTS "quiz_userprofile" ("id" integer NOT NULL PRIMARY KEY AUTOINCREMENT, "bio" text NULL, "profile_picture" varchar(100) NULL, "location" varchar(100) NOT NULL, "phone" varchar(15) NOT NULL, "current_role" varchar(100) NOT NULL, "experience_level" varchar(20) NOT NULL, "preferred_notification" varchar(20) NOT NULL, "created_at" datetime NOT NULL, "updated_at" datetime NOT NULL, "user_id" integer NOT NULL UNIQUE REFERENCES "auth_user" ("id") DEFERRABLE INITIALLY DEFERRED);
INSERT INTO quiz_userprofile VALUES(1,'he','','pcmc','','student','entry','email','2026-03-24 13:46:12.818613','2026-04-10 01:56:40.032408',3);
INSERT INTO quiz_userprofile VALUES(2,'he/him','','pune','','student','entry','email','2026-04-07 21:16:34.016162','2026-04-07 21:25:29.428080',2);
INSERT INTO quiz_userprofile VALUES(3,NULL,'','','','','student','email','2026-04-10 05:10:40.092904','2026-04-10 05:10:40.093009',6);
INSERT INTO quiz_userprofile VALUES(4,NULL,'','','','','student','email','2026-04-10 14:25:43.899809','2026-04-10 14:25:43.899854',7);
CREATE TABLE IF NOT EXISTS "quiz_mentorrequest" ("id" integer NOT NULL PRIMARY KEY AUTOINCREMENT, "status" varchar(20) NOT NULL, "message" text NOT NULL, "requested_at" datetime NOT NULL, "scheduled_date" datetime NULL, "mentee_id" integer NOT NULL REFERENCES "auth_user" ("id") DEFERRABLE INITIALLY DEFERRED, "mentor_id" bigint NOT NULL REFERENCES "quiz_mentor" ("id") DEFERRABLE INITIALLY DEFERRED);
CREATE TABLE IF NOT EXISTS "quiz_joblisting" ("id" integer NOT NULL PRIMARY KEY AUTOINCREMENT, "title" varchar(200) NOT NULL, "company" varchar(200) NOT NULL, "location" varchar(200) NOT NULL, "salary_min" integer NULL, "salary_max" integer NULL, "description" text NOT NULL, "job_url" varchar(200) NOT NULL, "source" varchar(50) NOT NULL, "posted_at" datetime NOT NULL, "expires_at" datetime NULL, "career_id" bigint NOT NULL REFERENCES "quiz_career" ("id") DEFERRABLE INITIALLY DEFERRED);
CREATE TABLE IF NOT EXISTS "quiz_joblisting_required_skills" ("id" integer NOT NULL PRIMARY KEY AUTOINCREMENT, "joblisting_id" bigint NOT NULL REFERENCES "quiz_joblisting" ("id") DEFERRABLE INITIALLY DEFERRED, "skill_id" bigint NOT NULL REFERENCES "quiz_skill" ("id") DEFERRABLE INITIALLY DEFERRED);
CREATE TABLE IF NOT EXISTS "quiz_forumreply" ("id" integer NOT NULL PRIMARY KEY AUTOINCREMENT, "content" text NOT NULL, "upvotes" integer NOT NULL, "is_solution" bool NOT NULL, "created_at" datetime NOT NULL, "updated_at" datetime NOT NULL, "author_id" integer NOT NULL REFERENCES "auth_user" ("id") DEFERRABLE INITIALLY DEFERRED, "post_id" bigint NOT NULL REFERENCES "quiz_forumpost" ("id") DEFERRABLE INITIALLY DEFERRED);
CREATE TABLE IF NOT EXISTS "quiz_careerroadmap" ("id" integer NOT NULL PRIMARY KEY AUTOINCREMENT, "timeline_months" integer NOT NULL, "steps" text NOT NULL CHECK ((JSON_VALID("steps") OR "steps" IS NULL)), "estimated_cost" integer NULL, "resources" text NOT NULL CHECK ((JSON_VALID("resources") OR "resources" IS NULL)), "success_tips" text NOT NULL CHECK ((JSON_VALID("success_tips") OR "success_tips" IS NULL)), "career_id" bigint NOT NULL UNIQUE REFERENCES "quiz_career" ("id") DEFERRABLE INITIALLY DEFERRED);
INSERT INTO quiz_careerroadmap VALUES(1,12,'[{"step": 1, "title": "Learn Fundamentals", "duration_months": 3, "description": "Master programming basics"}, {"step": 2, "title": "Build Projects", "duration_months": 6, "description": "Create portfolio projects"}, {"step": 3, "title": "Learn Frameworks", "duration_months": 3, "description": "Master web frameworks"}, {"step": 4, "title": "Get Internship", "duration_months": 6, "description": "First professional experience"}, {"step": 5, "title": "Senior Developer", "duration_months": 24, "description": "Progress to senior role"}]',NULL,'[]','[]',1);
INSERT INTO quiz_careerroadmap VALUES(2,12,'[{"step": 1, "title": "Math & Stats Foundation", "duration_months": 3, "description": "Strengthen math skills"}, {"step": 2, "title": "Learn Python & Libraries", "duration_months": 3, "description": "Pandas, NumPy, Scikit-learn"}, {"step": 3, "title": "Build ML Models", "duration_months": 6, "description": "Create predictive models"}, {"step": 4, "title": "Data Portfolio", "duration_months": 6, "description": "Kaggle competitions and projects"}, {"step": 5, "title": "Senior Data Scientist", "duration_months": 20, "description": "Lead DS initiatives"}]',NULL,'[]','[]',2);
INSERT INTO quiz_careerroadmap VALUES(3,12,'[{"step": 1, "title": "Business Fundamentals", "duration_months": 3, "description": "Learn product principles"}, {"step": 2, "title": "Associate PM Role", "duration_months": 6, "description": "First PM position"}, {"step": 3, "title": "Product Strategy", "duration_months": 6, "description": "Build strategic thinking"}, {"step": 4, "title": "Lead Product Team", "duration_months": 12, "description": "Manage PM team"}, {"step": 5, "title": "Head of Product", "duration_months": 24, "description": "Executive product role"}]',NULL,'[]','[]',3);
INSERT INTO quiz_careerroadmap VALUES(4,12,'[{"step": 1, "title": "Linux & Networking", "duration_months": 2, "description": "OS and network basics"}, {"step": 2, "title": "Container Technology", "duration_months": 3, "description": "Docker and Kubernetes"}, {"step": 3, "title": "Cloud Platforms", "duration_months": 3, "description": "AWS/GCP/Azure"}, {"step": 4, "title": "CI/CD Pipelines", "duration_months": 4, "description": "Jenkins, GitLab CI"}, {"step": 5, "title": "Senior DevOps", "duration_months": 18, "description": "Infrastructure leadership"}]',NULL,'[]','[]',6);
INSERT INTO quiz_careerroadmap VALUES(5,12,'[{"step": 1, "title": "Design Fundamentals", "duration_months": 2, "description": "Design principles and theory"}, {"step": 2, "title": "Design Tools", "duration_months": 2, "description": "Figma, Adobe XD mastery"}, {"step": 3, "title": "Build Portfolio", "duration_months": 6, "description": "Real-world design projects"}, {"step": 4, "title": "UX Research", "duration_months": 3, "description": "User research and testing"}, {"step": 5, "title": "Design Leadership", "duration_months": 20, "description": "Lead design team"}]',NULL,'[]','[]',4);
INSERT INTO quiz_careerroadmap VALUES(6,12,'[{"step": 1, "title": "Business Essentials", "duration_months": 2, "description": "Business domain knowledge"}, {"step": 2, "title": "Analytics Tools", "duration_months": 3, "description": "SQL, Tableau, Excel"}, {"step": 3, "title": "Stakeholder Management", "duration_months": 6, "description": "Requirements gathering"}, {"step": 4, "title": "Strategic Analysis", "duration_months": 6, "description": "Drive business strategy"}, {"step": 5, "title": "Senior BA/Manager", "duration_months": 18, "description": "Management position"}]',NULL,'[]','[]',5);
INSERT INTO quiz_careerroadmap VALUES(7,12,'[{"step": 1, "title": "ML Foundations", "duration_months": 4, "description": "Algorithms and theory"}, {"step": 2, "title": "Deep Learning", "duration_months": 3, "description": "Neural networks and TensorFlow"}, {"step": 3, "title": "Production ML", "duration_months": 6, "description": "MLOps and deployment"}, {"step": 4, "title": "Specialize", "duration_months": 6, "description": "NLP, CV, or RL specialization"}, {"step": 5, "title": "ML Leadership", "duration_months": 18, "description": "Lead ML research/teams"}]',NULL,'[]','[]',9);
INSERT INTO quiz_careerroadmap VALUES(8,12,'[{"step": 1, "title": "Content Fundamentals", "duration_months": 2, "description": "Writing and storytelling"}, {"step": 2, "title": "SEO Mastery", "duration_months": 3, "description": "Search and content optimization"}, {"step": 3, "title": "Content Tools", "duration_months": 2, "description": "CMS, analytics platforms"}, {"step": 4, "title": "Strategy Development", "duration_months": 6, "description": "Content strategy creation"}, {"step": 5, "title": "Content Director", "duration_months": 18, "description": "Lead content team"}]',NULL,'[]','[]',8);
CREATE TABLE IF NOT EXISTS "quiz_careerbookmark" ("id" integer NOT NULL PRIMARY KEY AUTOINCREMENT, "bookmarked_at" datetime NOT NULL, "notes" text NOT NULL, "career_id" bigint NOT NULL REFERENCES "quiz_career" ("id") DEFERRABLE INITIALLY DEFERRED, "user_id" integer NOT NULL REFERENCES "auth_user" ("id") DEFERRABLE INITIALLY DEFERRED);
CREATE TABLE IF NOT EXISTS "django_session" ("session_key" varchar(40) NOT NULL PRIMARY KEY, "session_data" text NOT NULL, "expire_date" datetime NOT NULL);
INSERT INTO django_session VALUES('lsi2izdm426u0drjy7nk1mxxzkmwvqfz','.eJxVjMsOgjAURP-lW6W53Jbbx9K9O_ek0FaqBBIoJsb475bEhWZ2M2fOi7Vuy0O7rWFpk2eWCXb87TrX38O0D_7mpuvM-3nKS-r4jvDvuvLz7MN4-rJ_gsGtQ3lL5ZQCL0MJoiKUUmOjRWx0dEhKUdQCjFAUjG-ENsbXJDoZjS4vjLt0dGtuXZ_TI-VncSIgVSAqlJdaWgRbE6daIdEBwAKw9wc2bUOW:1w52cC:d956I516SCwnuzUO1gZ6wy7RIaJPBx9QYCOFGcbwiZs','2026-03-24 14:50:16.627897');
INSERT INTO django_session VALUES('st1s3sei99wtz3e6zrelzyqful04dqu2','.eJxVj0tPxCAUhf8LW1vC-9HdaFy4cKPuGwq0gzZgCjOJmcx_F3QS7WV17znf4d4LGM2pHMdT9tsYHBgABd3_2WTsh49NcO8mLgnaFMsWJtgs8KZm-JycX-9v3l3A0eRjpZk0UiLHfH2ESEEYU4QrOnM1GyKkFLOiSFMpvHacKq0dFnRis1aVInMLXU0uo7ElnEP5qpkEEdEj2hP2hvmA2MAoxEJIpe8QGhCqTPY5hxR_T5skEZi4ucfe2Z4xxnttFe4VlWiyzFHM2_LZps1nMFzAizdryCVYMFCI9K5EB57i2Vd1MXUj3yx0b-nAYSt_PO_Aa7LBrK3DHXiMxW-fW8ghLj-jPS078JDqD7HUAxrEIObX6zfPsoAq:1w53JD:LbMXOkBKXX5g-B9G6SO6GOZVgF1j1hVo0s7A9ZQHoGU','2026-03-24 15:34:43.184551');
INSERT INTO django_session VALUES('ml8ebz7ni3b6g7w67btcq0nctrmwclsc','.eJxFjrEKwzAMRP9Fcwxp44jUWykdujYfUIysBEGwi2WyhPx7jZdud-_u4A5QVpUUPxLAARP14WbRXAe8GIthNB45mIGYFpysx2WCDpRSZgV3wJv9JlqEwPUdvOLO1ay-yM6N3HP5x3Mi8VuTz1g4f7OoxLWBR6rbWOqT1jjPH5pcMXY:1w53St:iLVjizC1yK07CgVI4_O4AACDyrzLmlDWlqJwLVREaM0','2026-03-24 15:44:43.790931');
INSERT INTO django_session VALUES('ty2prkg1sizgcjopmw4shbfzsnvwon66','.eJxVjL0OgjAURt-lq9Lc3pa2l9HdzZ30V1ACCRQTY3x3IXHQ9TvnOy_WurV07bqkue0ja5hkx9_Nu3BP4w7izY3XiYdpLHPv-a7wL134eYppOH3dv0Dnlm57C6KUAb2OhlAIo7xQJposDRrtLQUR6pgpK_LSeYVRqDpT0kpbC0Rujw5uKa0LpX_05bk1EVBXICtUF1E30jRouQRhNR4AGgD2_gCIgER9:1w53ou:4i639MsTYFWlmAAReGTN0nyh4iuNM3z78mWsVvqgatM','2026-03-24 16:07:28.319540');
INSERT INTO django_session VALUES('i3n73iv08fvwq5hdbwzjvrrb5gon2tgh','.eJxVjsEOgjAQRP-lV6XZLi2lPXr35p0s21ZQAgkUE2P8dyXhoNd5My_zEg2tuWvWJc5NH4QXKI6_WUt8j-MGwo3G6yR5GvPct3KryJ0u8jyFOJz27p-go6X7rg2GYJ22UJNiFVqjVKKaHFeu5qTYWN1qbUJJGClFNghVdCkqLlOslNukAy25Ic79o8_P7SpgVUBZoL1A6Y31iNJZtNoeADyAeH8A5pJFtw:1w5yK2:SjxprPYjfwg4LYgdUr_e8NE7k_7ySKBErYEpkbXbZiY','2026-03-27 04:27:22.974882');
INSERT INTO django_session VALUES('4e75cr2mp79t6u36amve4ikmovje39zl','.eJxVj7tOxDAQRf_FLYnlt2N3C6KgoAH6yM9dQ2Sj2LsSWu2_46AUy3Qz956ZO1cwm3M7zeca1jl5oAEBw_3MGvcV8ib4T5OPBbqS25os3CxwVyt8LT4sj7v334KTqadOT9ZHKpxwSBpEbYzcRe8lklFxFYlVnnoapGAu4jhRx6dAvWDBEknZZOi2dDG1zca1dEntZ4uKiBgRG5H8wEJTrAmDlJEJ4QeENEKdqaHWVPL-mrSGh85Q7_3IJqZGS7DqrSTBWsGwURvjyhoq0FfwFsySaksOaALlAF7yJfT2aHqEsM0UU_fVLYe17QSGmKP7wgN4Ly6ZpWsDeM4trN9rqikfgUaQ8QE8lX4gtx74zwQlv91-Aednfq4:1wA9Km:3DU-IEPH6aiQr5MehwYvREmYiCpzFCpzMTyDgK5X_sc','2026-04-07 17:01:24.369389');
INSERT INTO django_session VALUES('4xanktuwxffk11htqhqdzgmkvull6ob0','.eJxVj81OwzAQhN_FVxJrk43jJDdAHDhwAe7R-q81RA6K3Uqo6rtjix6alWVpPTOfxhc20ykd51O02-wNm1jLqvs3RfrbhiKYLwqHles1pM0rXiz8pkb-thq7PN28O8CR4jGnB2Uc9rrXIAlQOSe0M0aCdKMYXatGgwat7DvtGjegFoNF03dWtRK7gbBAF4ppJp382affUhXavoauBvnZNhPKfLiAEQAfACaAnIk2Rr-G_6_pvnGoQNSjMVR3qsF6zHftLGlLOBgCKhm9bjay6cLeLS0-Jq_Z1HLYT1ex13C2WT1QbmSLpe3G--kr9rilG6DhTcU-Vu1pKQvuaVixl5Ds9rP56MMhwyr2vGZ-SLl-iSBHsYuI6_UP-V6Evg:1wAE77:RzP5fwV9xJ_TqP9oGjGvJONkaY7LHW8Ww-2a3aRysFg','2026-04-07 22:07:37.522594');
INSERT INTO django_session VALUES('kqxzr8tzar4cb9v2fkfc2xr748ik3vvt','.eJxdj8FOhDAQht-lV4FMW0opNzUePHhR72R2GNgqKYZ2NzGbfXdhd2PEHuf7_r8zJ9HiIe3bQ-S59Z1ohBbZ39kO6ZPDCroPDMNU0BTS7HfFqhQ3GouXqePx4eZuCvYY90ta9a5HY8FwTbZCyRZZOkeV0lpa6UBpJu6RakW9swyd61yFFRChtd1lqxFjapGSP_r0vXaCqnIocwnvoBttGgNFrU1tyjuABmDJRI7RT-F6mkWLvatUTlS6vITO5K5XlJO2SkuodI9qzdA0cxTNSbwyjj4mT6KRhYbN05l4Dkde6IDLRrwqbqvITNzP6bdAmv_0bSKPo2jUwjLxFBLPX7OPPgyXtq2vMvE4LT-GtBx0TRlzPv8ARXuDqA:1wB2es:lB-NpcT0ftZRTYGsAZIk53O9JIZacP2JWzfP5Sw4g0U','2026-04-10 04:05:50.846716');
INSERT INTO django_session VALUES('roz4sq0vcj9ftpers1p8zp2i9fg5iy74','.eJxVjsEOgjAQRP-lV6XZttDaHr17806W7SIogYQWE2P8d8Vw0Ou8mZd5ihqX3NVL4rnuowjCiP1v1iDdeFxBvOJ4mSRNY577Rq4VudEkT1Pk4bh1_wQdpu6z1q1vsXJQ8YGcRcUOWXlPVhujnPKgDRO3SAdNrXcM0Udv0QIROhe_rwZMuUbK_b3Pj9UJ2hZQFgrOUAbtQ2WlcdootQMIAOL1BtzPRYI:1wB3VE:TynNO5TE7zyUDColrR3DuX-DCyjfCFlxvM8mQIsdGB8','2026-04-10 04:59:56.387009');
INSERT INTO django_session VALUES('n55yv9yvz0toob4ddo6lo6r6v2d534px','.eJxVjsEOgjAQRP-lV6XZLW2hPXr35p0s21ZQAgkUE2P8dyXhoNd5My_zEg2tuWvWJc5NH4QXShx_s5b4HscNhBuN10nyNOa5b-VWkTtd5HkKcTjt3T9BR0v3XRsVQuV0BTUhY2gNYqKaHFtXc0I2lW61NqEkFSlFNgpsdCkilyladJt0oCU3xLl_9Pm5XQVlC9AFwgWMN-iNllpZp-sDgAcQ7w_lukWu:1wB4mY:kKU9vY5iAooZx9jOlL5xcNFKngP-5y07AgSM7_RlR_Q','2026-04-10 06:21:54.432356');
INSERT INTO django_session VALUES('k8f6t8q2deb9wk0y171krglxezz9wf9e','.eJxVj71OxDAQhN_FLYnl_8TuAFFQ0AB9tLE3OUPkoNh3Ejrdu-OIK-623Jlvd-ZMBjiWw3DMuA0xEEcEaW53I_hvTLsQviDNK_VrKlsc6W6hVzXTtzXg8nT13h04QD5UWosQOqs61gP3PIya8wl6sN7Y3k_c606NSukgQSBM6LVgBu2E3MsJDbf70QVyGcCXeIrld4_KhGmZajn7ZJ2TwglDe8uMUg-MOcYqkzHnuKb_an1gMEppWgQhWxV014LXvA3SSqUA-47v4bNfN8zEnck7whJziZ44QY29m64hr-mEVZ2hJkLiOJW6IY9buSKcCs1uRzTkY_URll3rq_clFdx-tphjmoljlb_zM9mQ57U-SaV22DFB9eXyByDFgdY:1wB6Lq:2rFUroY2Rj1kovI5j7AvAAEeDBtC7XrlUAYwBiXPM_Y','2026-04-10 08:02:26.912478');
INSERT INTO django_session VALUES('zutryq3hsjud5w9ub8ixhdixspzrjmrg','.eJxVj81uwyAQhN-Fa21rwRiMb2nVQw-9tL1b_CwJrYUrQyJVUd69oOSQ7I2db4bZM5n1MR_mY8JtDo5MhJHmfme0_cFYBfet437t7BrzFkxXke6mpu59dbg839iHgINOh-IemHNScQmjppY6M1Dq9aiVFWq0ntpBcsP54HrNUHu0AwOByiO1vUdBVQ1ddMqztjmcQv6rVYGJFnhL4QvUxMeJ9x3japTDE8AEUDwJUwprvJ5mBDPSSt9KYL7lDGlrqHGtQM-YEOC0q-WTXTdMZDqTD9RLSDlYMrFOcHU_Q0Pe4gmLutelEVZEPSKyIbst3wL6Dorlc7VBL9cX3E_fkNeYcfvdQgpxXwla-Je1_BFzOaG6oOweXMAul38x_IWz:1wB8Tj:S9bzArehgEekM5YRsHv8Yn3pewm4O0zeHD9B0W2BNVY','2026-04-10 10:18:43.282563');
INSERT INTO django_session VALUES('e0tncjfwudmhb3xohbmewu4oah3t5s5s','.eJxVj8FOwzAQRP_FV5Jo7TiJnRsgDhy4APdoY69bQ2Sj2K2Eqv47TikIjjM7M3p7YhMe8n46JFonb9nIBKv-ejOadwrbwb5h2MXGxJBXPzdbpLleU_MULS131-y_gT2mfWl3wtpBywEUcsPt3HHuUKE2vVbGcdMNcpaysy0KQkemE9CTdsRN66jnehtdMOUJTfZHnz83VBB9DbLm8MrFKNQo-6blCpS6ARgBSidRSj6G79cckDJIrpZlupbKyFrr0gcaWju3vKBcOiaulNh4Ys-Ei0_ZGzZCoyr2GI5U5A4LAm0er9jtmn8j0FXsJRqPy496CJnWj9UnH3bFq9h9LBshF6ZL6Hz-AtCsd7c:1wBAyc:z9lkCJsKL6ze8iepdLQWnq9TBIQHTCQQJwTgtvYgM7o','2026-04-10 12:58:46.391070');
INSERT INTO django_session VALUES('w81p61db0j27u3hc7sxmtqm5bl9qb758','.eJxVTztPwzAQ_i9eSayzc7aTbIAYGFiAPfIrqSFyUOxWQlX_O7bo0N523-u-O5NJH_NhOia_T8GRkSjS3GJG228fK-G-dFw2areY92BoldArm-jb5vz6dNXeBRx0OhT3oJFxPTsJDnopUTIBqCQw4BawNyjdXBZtQDgGfrDg1SyMt2g9Cg81dNUpT9rmcAr5t2Ry4LIFbBl8Mhx5PwpOoZOqHx4ARqie5FMKW_x_bXbKeeNEi4q5Fq2Qba-cbjucRc-FM0bV8sluu09kPJN3r9eQcrBk7CiIhrzGky_7oksHX0HE4Xa6hjzu-WrhdLhnVUM-Nhv0Wp2sIS8x-_1nDynEpUK8XHjeyomYS-cqQ8ovlz-3Kn7S:1wBCqq:rTyZ83QWBnURanOZkrhkONlrIApX6pjzk6q0hKm6fd4','2026-04-10 14:58:52.064852');
CREATE TABLE IF NOT EXISTS "quiz_learninggoal" ("id" integer NOT NULL PRIMARY KEY AUTOINCREMENT, "target_proficiency" varchar(20) NOT NULL, "estimated_hours" integer NOT NULL, "deadline" date NULL, "completed" bool NOT NULL, "created_at" datetime NOT NULL, "skill_id" bigint NOT NULL REFERENCES "quiz_skill" ("id") DEFERRABLE INITIALLY DEFERRED, "user_id" integer NOT NULL REFERENCES "auth_user" ("id") DEFERRABLE INITIALLY DEFERRED);
CREATE TABLE IF NOT EXISTS "quiz_usercareergoal" ("id" integer NOT NULL PRIMARY KEY AUTOINCREMENT, "target_proficiency_level" varchar(20) NOT NULL, "target_timeline_months" integer NOT NULL, "notes" text NOT NULL, "created_at" datetime NOT NULL, "updated_at" datetime NOT NULL, "target_career_id" bigint NOT NULL REFERENCES "quiz_career" ("id") DEFERRABLE INITIALLY DEFERRED, "user_id" integer NOT NULL UNIQUE REFERENCES "auth_user" ("id") DEFERRABLE INITIALLY DEFERRED);
CREATE TABLE IF NOT EXISTS "quiz_learningprogress" ("id" integer NOT NULL PRIMARY KEY AUTOINCREMENT, "hours_completed" real NOT NULL, "courses_completed" text NOT NULL CHECK ((JSON_VALID("courses_completed") OR "courses_completed" IS NULL)), "milestone_reached" varchar(255) NOT NULL, "completed_percentage" real NOT NULL, "logged_at" datetime NOT NULL, "learning_goal_id" bigint NOT NULL REFERENCES "quiz_learninggoal" ("id") DEFERRABLE INITIALLY DEFERRED);
CREATE TABLE IF NOT EXISTS "quiz_careerpivotanalysis" ("id" integer NOT NULL PRIMARY KEY AUTOINCREMENT, "current_career_type" varchar(255) NOT NULL, "analysis" text NOT NULL CHECK ((JSON_VALID("analysis") OR "analysis" IS NULL)), "ai_generated" bool NOT NULL, "created_at" datetime NOT NULL, "target_career_id" bigint NOT NULL REFERENCES "quiz_career" ("id") DEFERRABLE INITIALLY DEFERRED, "user_id" integer NOT NULL REFERENCES "auth_user" ("id") DEFERRABLE INITIALLY DEFERRED);
CREATE TABLE IF NOT EXISTS "quiz_forumpost" ("id" integer NOT NULL PRIMARY KEY AUTOINCREMENT, "title" varchar(300) NOT NULL, "content" text NOT NULL, "views" integer NOT NULL, "upvotes" integer NOT NULL, "created_at" datetime NOT NULL, "updated_at" datetime NOT NULL, "author_id" integer NOT NULL REFERENCES "auth_user" ("id") DEFERRABLE INITIALLY DEFERRED, "career_id" bigint NULL REFERENCES "quiz_career" ("id") DEFERRABLE INITIALLY DEFERRED, "category_id" bigint NULL REFERENCES "quiz_forumcategory" ("id") DEFERRABLE INITIALLY DEFERRED, "is_closed" bool NOT NULL, "closed_by_id" integer NULL REFERENCES "auth_user" ("id") DEFERRABLE INITIALLY DEFERRED, "closed_at" datetime NULL, "close_reason" text NULL);
DELETE FROM sqlite_sequence;
INSERT INTO sqlite_sequence VALUES('django_migrations',21);
INSERT INTO sqlite_sequence VALUES('django_admin_log',14);
INSERT INTO sqlite_sequence VALUES('django_content_type',26);
INSERT INTO sqlite_sequence VALUES('auth_permission',104);
INSERT INTO sqlite_sequence VALUES('auth_group',0);
INSERT INTO sqlite_sequence VALUES('auth_user',7);
INSERT INTO sqlite_sequence VALUES('quiz_joblisting',0);
INSERT INTO sqlite_sequence VALUES('quiz_forumreply',0);
INSERT INTO sqlite_sequence VALUES('quiz_careerroadmap',8);
INSERT INTO sqlite_sequence VALUES('quiz_careerbookmark',0);
INSERT INTO sqlite_sequence VALUES('quiz_loginattempt',33);
INSERT INTO sqlite_sequence VALUES('quiz_assessment',16);
INSERT INTO sqlite_sequence VALUES('quiz_userprofile',4);
INSERT INTO sqlite_sequence VALUES('quiz_skill',31);
INSERT INTO sqlite_sequence VALUES('quiz_userskill',13);
INSERT INTO sqlite_sequence VALUES('quiz_career',9);
INSERT INTO sqlite_sequence VALUES('quiz_skill_careers',92);
INSERT INTO sqlite_sequence VALUES('quiz_forumpost',0);
CREATE UNIQUE INDEX "auth_group_permissions_group_id_permission_id_0cd325b0_uniq" ON "auth_group_permissions" ("group_id", "permission_id");
CREATE INDEX "auth_group_permissions_group_id_b120cbf9" ON "auth_group_permissions" ("group_id");
CREATE INDEX "auth_group_permissions_permission_id_84c5c92e" ON "auth_group_permissions" ("permission_id");
CREATE UNIQUE INDEX "auth_user_groups_user_id_group_id_94350c0c_uniq" ON "auth_user_groups" ("user_id", "group_id");
CREATE INDEX "auth_user_groups_user_id_6a12ed8b" ON "auth_user_groups" ("user_id");
CREATE INDEX "auth_user_groups_group_id_97559544" ON "auth_user_groups" ("group_id");
CREATE UNIQUE INDEX "auth_user_user_permissions_user_id_permission_id_14a6b632_uniq" ON "auth_user_user_permissions" ("user_id", "permission_id");
CREATE INDEX "auth_user_user_permissions_user_id_a95ead1b" ON "auth_user_user_permissions" ("user_id");
CREATE INDEX "auth_user_user_permissions_permission_id_1fbb5f2c" ON "auth_user_user_permissions" ("permission_id");
CREATE INDEX "django_admin_log_content_type_id_c4bce8eb" ON "django_admin_log" ("content_type_id");
CREATE INDEX "django_admin_log_user_id_c564eba6" ON "django_admin_log" ("user_id");
CREATE UNIQUE INDEX "django_content_type_app_label_model_76bd3d3b_uniq" ON "django_content_type" ("app_label", "model");
CREATE UNIQUE INDEX "auth_permission_content_type_id_codename_01ab375a_uniq" ON "auth_permission" ("content_type_id", "codename");
CREATE INDEX "auth_permission_content_type_id_2f476e4b" ON "auth_permission" ("content_type_id");
CREATE INDEX "quiz_logina_usernam_1f914f_idx" ON "quiz_loginattempt" ("username", "timestamp" DESC);
CREATE INDEX "quiz_mentor_specialization_id_b5cd3337" ON "quiz_mentor" ("specialization_id");
CREATE UNIQUE INDEX "quiz_skill_careers_skill_id_career_id_d2b54bd6_uniq" ON "quiz_skill_careers" ("skill_id", "career_id");
CREATE INDEX "quiz_skill_careers_skill_id_122249d8" ON "quiz_skill_careers" ("skill_id");
CREATE INDEX "quiz_skill_careers_career_id_125db654" ON "quiz_skill_careers" ("career_id");
CREATE INDEX "quiz_usersuccessstory_author_id_a9b73923" ON "quiz_usersuccessstory" ("author_id");
CREATE INDEX "quiz_usersuccessstory_career_id_25817707" ON "quiz_usersuccessstory" ("career_id");
CREATE INDEX "quiz_userskill_skill_id_e1420931" ON "quiz_userskill" ("skill_id");
CREATE INDEX "quiz_userskill_user_id_251161fb" ON "quiz_userskill" ("user_id");
CREATE INDEX "quiz_mentorrequest_mentee_id_78b2953b" ON "quiz_mentorrequest" ("mentee_id");
CREATE INDEX "quiz_mentorrequest_mentor_id_27a461db" ON "quiz_mentorrequest" ("mentor_id");
CREATE INDEX "quiz_joblisting_career_id_5377703d" ON "quiz_joblisting" ("career_id");
CREATE UNIQUE INDEX "quiz_joblisting_required_skills_joblisting_id_skill_id_3cc69995_uniq" ON "quiz_joblisting_required_skills" ("joblisting_id", "skill_id");
CREATE INDEX "quiz_joblisting_required_skills_joblisting_id_a6cf6cda" ON "quiz_joblisting_required_skills" ("joblisting_id");
CREATE INDEX "quiz_joblisting_required_skills_skill_id_82cced39" ON "quiz_joblisting_required_skills" ("skill_id");
CREATE INDEX "quiz_forumreply_author_id_165c523f" ON "quiz_forumreply" ("author_id");
CREATE INDEX "quiz_forumreply_post_id_dd51c0ff" ON "quiz_forumreply" ("post_id");
CREATE INDEX "quiz_careerbookmark_career_id_7ba03265" ON "quiz_careerbookmark" ("career_id");
CREATE INDEX "quiz_careerbookmark_user_id_3858eace" ON "quiz_careerbookmark" ("user_id");
CREATE UNIQUE INDEX "quiz_userskill_user_id_skill_id_a0afcaea_uniq" ON "quiz_userskill" ("user_id", "skill_id");
CREATE UNIQUE INDEX "quiz_careerbookmark_user_id_career_id_32048309_uniq" ON "quiz_careerbookmark" ("user_id", "career_id");
CREATE INDEX "quiz_assessment_user_id_8de41e42" ON "quiz_assessment" ("user_id");
CREATE INDEX "quiz_analyticsevent_career_id_88f52d11" ON "quiz_analyticsevent" ("career_id");
CREATE INDEX "quiz_analyticsevent_user_id_ca0e136d" ON "quiz_analyticsevent" ("user_id");
CREATE INDEX "django_session_expire_date_a5c62663" ON "django_session" ("expire_date");
CREATE UNIQUE INDEX "quiz_learninggoal_user_id_skill_id_4c06e21f_uniq" ON "quiz_learninggoal" ("user_id", "skill_id");
CREATE INDEX "quiz_learninggoal_skill_id_f97ffe6e" ON "quiz_learninggoal" ("skill_id");
CREATE INDEX "quiz_learninggoal_user_id_a0c0cad3" ON "quiz_learninggoal" ("user_id");
CREATE INDEX "quiz_usercareergoal_target_career_id_b14c23e5" ON "quiz_usercareergoal" ("target_career_id");
CREATE INDEX "quiz_learningprogress_learning_goal_id_d9311562" ON "quiz_learningprogress" ("learning_goal_id");
CREATE INDEX "quiz_careerpivotanalysis_target_career_id_22fb31e1" ON "quiz_careerpivotanalysis" ("target_career_id");
CREATE INDEX "quiz_careerpivotanalysis_user_id_d8a64735" ON "quiz_careerpivotanalysis" ("user_id");
CREATE INDEX "quiz_forumpost_author_id_83c1455b" ON "quiz_forumpost" ("author_id");
CREATE INDEX "quiz_forumpost_career_id_5bf677db" ON "quiz_forumpost" ("career_id");
CREATE INDEX "quiz_forumpost_category_id_db322e5f" ON "quiz_forumpost" ("category_id");
CREATE INDEX "quiz_forumpost_closed_by_id_7a328110" ON "quiz_forumpost" ("closed_by_id");
COMMIT;
